time,status,f0
00h 00,approved,9
00h 00,denied,6
00h 00,refunded,1
00h 01,denied,8
00h 01,approved,13
00h 02,refunded,1
00h 02,approved,11
00h 02,denied,7
00h 03,denied,3
00h 03,approved,12
00h 04,approved,11
00h 05,denied,2
00h 05,approved,9
00h 06,denied,2
00h 06,approved,9
00h 07,reversed,1
00h 07,denied,1
00h 07,approved,11
00h 08,approved,7
00h 08,denied,2
00h 09,approved,9
00h 10,denied,1
00h 10,approved,10
00h 11,approved,14
00h 11,denied,2
00h 12,approved,10
00h 13,approved,11
00h 14,approved,7
00h 15,approved,6
00h 16,approved,7
00h 17,approved,7
00h 18,approved,3
00h 19,approved,7
00h 19,denied,3
00h 19,refunded,1
00h 20,denied,1
00h 20,approved,13
00h 21,approved,6
00h 21,denied,1
00h 22,approved,3
00h 23,approved,10
00h 23,denied,2
00h 24,approved,10
00h 24,denied,1
00h 25,approved,3
00h 26,approved,7
00h 26,denied,2
00h 27,denied,2
00h 27,approved,8
00h 28,approved,11
00h 28,denied,2
00h 29,denied,1
00h 29,approved,5
00h 30,denied,2
00h 30,approved,6
00h 31,approved,8
00h 32,approved,4
00h 32,denied,2
00h 33,denied,3
00h 33,approved,4
00h 34,denied,1
00h 34,approved,7
00h 35,approved,8
00h 36,denied,1
00h 36,approved,10
00h 37,approved,10
00h 37,denied,3
00h 38,approved,7
00h 38,denied,1
00h 39,approved,6
00h 40,denied,1
00h 40,approved,6
00h 41,approved,5
00h 41,denied,1
00h 42,approved,6
00h 43,approved,4
00h 44,approved,4
00h 45,approved,5
00h 46,approved,2
00h 47,approved,6
00h 47,reversed,1
00h 48,approved,4
00h 49,denied,3
00h 49,approved,11
00h 50,approved,6
00h 50,denied,5
00h 51,approved,2
00h 52,approved,10
00h 52,denied,1
00h 53,denied,2
00h 53,approved,5
00h 54,denied,1
00h 54,approved,5
00h 55,approved,2
00h 55,denied,3
00h 56,denied,1
00h 56,reversed,1
00h 56,approved,2
00h 57,approved,2
00h 57,denied,1
00h 58,approved,3
00h 58,denied,1
00h 59,approved,4
00h 59,denied,1
01h 00,approved,2
01h 01,approved,3
01h 01,denied,1
01h 02,approved,4
01h 03,approved,5
01h 04,approved,12
01h 05,approved,5
01h 06,approved,5
01h 07,denied,3
01h 07,approved,1
01h 08,denied,1
01h 08,backend_reversed,1
01h 08,approved,3
01h 09,approved,2
01h 10,approved,5
01h 11,approved,3
01h 11,denied,1
01h 12,approved,5
01h 12,denied,2
01h 13,denied,2
01h 13,approved,5
01h 14,approved,4
01h 15,approved,2
01h 16,approved,5
01h 17,approved,5
01h 18,approved,1
01h 19,approved,4
01h 20,approved,3
01h 21,approved,1
01h 22,refunded,1
01h 22,approved,2
01h 23,approved,3
01h 24,denied,1
01h 24,approved,2
01h 25,approved,2
01h 25,denied,1
01h 26,approved,2
01h 26,denied,1
01h 27,approved,5
01h 27,denied,1
01h 28,approved,5
01h 29,denied,1
01h 29,approved,2
01h 30,approved,1
01h 30,denied,2
01h 31,denied,2
01h 31,approved,2
01h 32,approved,3
01h 32,denied,1
01h 33,approved,1
01h 33,denied,2
01h 34,approved,6
01h 34,denied,3
01h 35,denied,1
01h 35,approved,4
01h 36,approved,3
01h 38,approved,4
01h 39,approved,2
01h 39,denied,1
01h 40,approved,1
01h 41,approved,1
01h 42,approved,4
01h 43,approved,5
01h 44,approved,6
01h 44,denied,1
01h 45,approved,3
01h 46,approved,1
01h 47,approved,1
01h 48,approved,1
01h 49,approved,1
01h 50,approved,4
01h 52,approved,2
01h 53,approved,2
01h 54,approved,1
01h 55,approved,4
01h 55,denied,2
01h 56,approved,3
01h 56,denied,2
01h 57,denied,2
01h 57,approved,2
01h 58,approved,1
01h 59,denied,1
02h 00,approved,2
02h 01,approved,3
02h 02,denied,1
02h 03,approved,4
02h 03,denied,1
02h 04,approved,2
02h 05,denied,1
02h 05,approved,1
02h 06,approved,1
02h 07,approved,1
02h 08,approved,1
02h 09,approved,2
02h 10,approved,2
02h 12,approved,2
02h 14,approved,2
02h 15,approved,1
02h 16,approved,1
02h 16,denied,1
02h 17,approved,2
02h 20,approved,1
02h 21,approved,1
02h 22,approved,1
02h 22,denied,1
02h 23,denied,1
02h 23,approved,1
02h 24,approved,2
02h 24,denied,1
02h 25,approved,1
02h 26,approved,1
02h 27,approved,1
02h 28,approved,3
02h 30,approved,1
02h 31,denied,1
02h 31,approved,3
02h 32,approved,2
02h 33,approved,1
02h 34,approved,1
02h 35,denied,1
02h 36,approved,1
02h 39,approved,3
02h 40,approved,4
02h 41,denied,1
02h 41,approved,1
02h 42,approved,2
02h 43,approved,1
02h 44,approved,1
02h 45,approved,1
02h 47,approved,1
02h 48,approved,1
02h 54,approved,2
02h 54,denied,1
02h 55,approved,1
02h 56,approved,2
02h 57,approved,1
02h 59,approved,1
03h 02,approved,1
03h 03,approved,3
03h 04,approved,3
03h 06,approved,1
03h 06,denied,1
03h 08,approved,1
03h 10,approved,1
03h 12,denied,2
03h 12,approved,2
03h 13,denied,1
03h 14,approved,1
03h 16,approved,1
03h 17,approved,1
03h 22,denied,1
03h 22,approved,2
03h 23,approved,2
03h 24,approved,1
03h 26,approved,2
03h 27,approved,2
03h 32,approved,4
03h 33,approved,1
03h 34,approved,2
03h 35,approved,1
03h 37,approved,1
03h 39,denied,2
03h 39,approved,1
03h 40,denied,1
03h 41,denied,1
03h 42,denied,2
03h 43,denied,2
03h 44,denied,1
03h 45,approved,1
03h 47,approved,2
03h 48,approved,4
03h 52,approved,1
03h 53,denied,1
03h 55,denied,1
03h 58,denied,1
03h 58,approved,1
04h 03,approved,1
04h 04,approved,1
04h 06,approved,1
04h 16,approved,1
04h 19,approved,2
04h 23,denied,1
04h 24,denied,1
04h 31,approved,1
04h 36,approved,1
04h 37,approved,2
04h 41,approved,2
04h 42,approved,1
04h 43,approved,2
04h 44,approved,1
04h 46,approved,1
04h 47,approved,1
04h 51,approved,1
04h 52,approved,2
04h 54,approved,1
04h 55,approved,1
04h 55,denied,1
04h 56,approved,2
04h 56,denied,2
04h 57,approved,1
04h 59,approved,2
05h 00,approved,2
05h 01,approved,1
05h 02,approved,3
05h 03,approved,1
05h 04,approved,1
05h 05,approved,1
05h 06,approved,2
05h 07,approved,1
05h 07,denied,1
05h 09,approved,1
05h 10,approved,3
05h 11,approved,2
05h 12,approved,3
05h 13,approved,2
05h 14,denied,1
05h 14,approved,1
05h 15,denied,2
05h 15,approved,2
05h 16,approved,3
05h 17,denied,1
05h 17,approved,2
05h 18,denied,2
05h 19,denied,1
05h 20,approved,1
05h 20,denied,1
05h 21,approved,3
05h 21,denied,2
05h 22,approved,2
05h 23,approved,1
05h 24,approved,3
05h 25,approved,4
05h 26,approved,4
05h 26,denied,1
05h 27,approved,3
05h 27,denied,3
05h 28,approved,6
05h 29,approved,4
05h 29,denied,1
05h 30,denied,3
05h 30,approved,7
05h 31,approved,4
05h 32,approved,4
05h 33,approved,5
05h 34,approved,3
05h 34,denied,3
05h 35,approved,4
05h 35,denied,1
05h 36,denied,1
05h 36,approved,5
05h 37,approved,6
05h 38,approved,8
05h 39,approved,7
05h 40,approved,6
05h 41,denied,1
05h 41,approved,7
05h 42,approved,8
05h 42,denied,2
05h 43,approved,7
05h 43,denied,1
05h 44,approved,5
05h 44,denied,1
05h 45,approved,8
05h 46,approved,7
05h 46,denied,1
05h 47,denied,1
05h 48,denied,4
05h 48,approved,8
05h 49,approved,12
05h 50,approved,14
05h 51,denied,1
05h 51,approved,10
05h 52,approved,10
05h 53,approved,6
05h 54,approved,9
05h 55,approved,10
05h 56,approved,8
05h 56,denied,1
05h 57,approved,11
05h 57,denied,2
05h 58,denied,1
05h 58,approved,10
05h 59,denied,2
05h 59,refunded,1
05h 59,approved,14
06h 00,approved,5
06h 00,denied,1
06h 01,approved,13
06h 01,denied,3
06h 02,approved,15
06h 02,denied,3
06h 03,approved,17
06h 03,denied,1
06h 04,approved,12
06h 04,denied,2
06h 05,approved,13
06h 06,approved,17
06h 06,reversed,1
06h 07,approved,17
06h 08,approved,20
06h 08,denied,1
06h 09,approved,21
06h 09,denied,2
06h 10,denied,3
06h 10,reversed,1
06h 10,approved,23
06h 11,approved,24
06h 11,denied,2
06h 12,denied,1
06h 12,approved,20
06h 13,approved,20
06h 13,denied,1
06h 14,approved,19
06h 14,denied,2
06h 15,approved,22
06h 16,approved,20
06h 16,denied,3
06h 17,denied,2
06h 17,backend_reversed,1
06h 17,approved,21
06h 18,denied,1
06h 18,approved,31
06h 19,approved,19
06h 19,denied,2
06h 20,reversed,1
06h 20,approved,31
06h 20,denied,4
06h 21,refunded,1
06h 21,approved,34
06h 21,denied,4
06h 22,approved,20
06h 22,denied,3
06h 23,approved,34
06h 23,backend_reversed,1
06h 23,denied,3
06h 24,denied,2
06h 24,approved,30
06h 25,denied,3
06h 25,approved,22
06h 26,denied,2
06h 26,approved,24
06h 27,approved,15
06h 27,denied,3
06h 28,backend_reversed,1
06h 28,approved,18
06h 28,denied,1
06h 28,reversed,1
06h 29,denied,3
06h 29,approved,33
06h 30,approved,22
06h 30,denied,2
06h 31,denied,8
06h 31,approved,38
06h 32,denied,5
06h 32,approved,28
06h 33,denied,5
06h 33,approved,34
06h 33,reversed,1
06h 34,approved,32
06h 34,reversed,1
06h 34,denied,3
06h 35,approved,21
06h 35,denied,4
06h 35,reversed,1
06h 36,approved,32
06h 36,reversed,1
06h 36,denied,5
06h 37,denied,3
06h 37,approved,35
06h 38,approved,31
06h 38,reversed,1
06h 38,backend_reversed,1
06h 38,denied,5
06h 39,approved,42
06h 39,denied,1
06h 40,approved,39
06h 40,denied,4
06h 41,denied,3
06h 41,approved,40
06h 42,denied,3
06h 42,approved,52
06h 43,denied,7
06h 43,approved,41
06h 43,backend_reversed,1
06h 44,approved,40
06h 44,denied,6
06h 45,approved,53
06h 45,denied,7
06h 46,denied,2
06h 46,approved,42
06h 47,approved,53
06h 47,reversed,1
06h 47,denied,7
06h 48,approved,33
06h 48,denied,5
06h 49,denied,7
06h 49,approved,39
06h 50,approved,43
06h 50,denied,4
06h 51,approved,53
06h 51,denied,7
06h 52,denied,3
06h 52,refunded,3
06h 52,approved,45
06h 53,denied,7
06h 53,approved,48
06h 53,refunded,1
06h 54,reversed,1
06h 54,denied,3
06h 54,approved,48
06h 55,denied,3
06h 55,approved,49
06h 56,approved,42
06h 56,denied,5
06h 56,reversed,1
06h 57,backend_reversed,1
06h 57,approved,59
06h 57,denied,3
06h 58,approved,51
06h 58,denied,5
06h 58,reversed,1
06h 58,backend_reversed,1
06h 59,refunded,1
06h 59,backend_reversed,1
06h 59,approved,59
06h 59,denied,2
07h 00,approved,70
07h 00,denied,9
07h 01,refunded,1
07h 01,denied,5
07h 01,approved,44
07h 01,reversed,1
07h 02,approved,70
07h 02,denied,6
07h 03,approved,73
07h 03,denied,6
07h 04,reversed,1
07h 04,denied,8
07h 04,approved,59
07h 05,approved,74
07h 05,denied,8
07h 05,reversed,1
07h 06,reversed,1
07h 06,denied,10
07h 06,approved,63
07h 06,refunded,1
07h 07,refunded,1
07h 07,approved,63
07h 07,denied,2
07h 08,approved,75
07h 08,denied,6
07h 09,approved,65
07h 09,denied,7
07h 10,approved,66
07h 10,denied,11
07h 10,reversed,1
07h 11,approved,65
07h 11,denied,5
07h 11,reversed,2
07h 12,approved,57
07h 12,denied,6
07h 13,denied,5
07h 13,refunded,1
07h 13,approved,68
07h 14,approved,69
07h 14,denied,4
07h 15,denied,3
07h 15,approved,73
07h 16,denied,10
07h 16,approved,63
07h 17,backend_reversed,1
07h 17,approved,74
07h 17,denied,10
07h 17,reversed,1
07h 18,approved,77
07h 18,denied,4
07h 19,denied,6
07h 19,approved,69
07h 20,denied,6
07h 20,reversed,1
07h 20,approved,66
07h 21,approved,83
07h 21,denied,4
07h 22,approved,84
07h 22,denied,5
07h 23,denied,6
07h 23,approved,86
07h 24,approved,89
07h 24,denied,6
07h 24,reversed,1
07h 25,approved,80
07h 25,denied,4
07h 26,denied,8
07h 26,backend_reversed,1
07h 26,approved,79
07h 27,approved,88
07h 27,denied,7
07h 27,backend_reversed,1
07h 28,denied,8
07h 28,approved,71
07h 28,reversed,1
07h 29,reversed,1
07h 29,denied,10
07h 29,backend_reversed,1
07h 29,approved,81
07h 30,denied,10
07h 30,backend_reversed,1
07h 30,approved,91
07h 31,reversed,1
07h 31,approved,92
07h 31,denied,7
07h 32,approved,75
07h 32,denied,7
07h 33,approved,94
07h 33,denied,8
07h 34,reversed,1
07h 34,approved,74
07h 34,denied,5
07h 35,approved,77
07h 35,denied,10
07h 36,backend_reversed,1
07h 36,approved,92
07h 36,denied,9
07h 37,denied,14
07h 37,approved,90
07h 38,backend_reversed,2
07h 38,denied,9
07h 38,approved,95
07h 39,denied,8
07h 39,approved,124
07h 39,reversed,1
07h 40,approved,91
07h 40,denied,10
07h 41,denied,9
07h 41,refunded,1
07h 41,approved,84
07h 42,approved,110
07h 42,denied,12
07h 43,approved,91
07h 43,denied,8
07h 44,backend_reversed,1
07h 44,approved,113
07h 44,denied,10
07h 45,reversed,1
07h 45,approved,102
07h 45,denied,6
07h 45,refunded,1
07h 46,reversed,1
07h 46,approved,108
07h 46,denied,6
07h 47,approved,110
07h 47,denied,10
07h 48,backend_reversed,1
07h 48,approved,104
07h 48,denied,10
07h 48,refunded,2
07h 49,reversed,1
07h 49,approved,93
07h 49,denied,15
07h 49,refunded,1
07h 50,approved,110
07h 50,denied,17
07h 50,refunded,1
07h 50,reversed,1
07h 51,refunded,1
07h 51,denied,21
07h 51,approved,110
07h 52,reversed,1
07h 52,denied,15
07h 52,approved,128
07h 53,approved,119
07h 53,denied,17
07h 54,approved,89
07h 54,denied,21
07h 55,denied,12
07h 55,approved,119
07h 56,reversed,1
07h 56,approved,136
07h 56,denied,9
07h 57,reversed,1
07h 57,approved,124
07h 57,denied,17
07h 57,backend_reversed,1
07h 58,denied,14
07h 58,backend_reversed,1
07h 58,approved,124
07h 59,approved,120
07h 59,denied,8
08h 00,approved,127
08h 00,refunded,1
08h 00,denied,8
08h 01,approved,124
08h 01,denied,9
08h 02,approved,134
08h 02,backend_reversed,1
08h 02,denied,5
08h 03,approved,113
08h 03,denied,18
08h 03,backend_reversed,3
08h 04,denied,14
08h 04,reversed,1
08h 04,refunded,1
08h 04,approved,126
08h 05,denied,11
08h 05,backend_reversed,2
08h 05,approved,116
08h 05,reversed,3
08h 06,denied,23
08h 06,reversed,1
08h 06,approved,128
08h 06,backend_reversed,1
08h 07,reversed,1
08h 07,approved,128
08h 07,denied,18
08h 07,backend_reversed,2
08h 08,approved,140
08h 08,reversed,1
08h 08,denied,13
08h 08,backend_reversed,2
08h 09,reversed,1
08h 09,approved,156
08h 09,denied,21
08h 10,backend_reversed,1
08h 10,approved,150
08h 10,denied,15
08h 10,reversed,1
08h 11,approved,137
08h 11,denied,12
08h 12,approved,153
08h 12,denied,21
08h 13,denied,21
08h 13,reversed,1
08h 13,approved,165
08h 14,denied,19
08h 14,reversed,1
08h 14,approved,156
08h 14,backend_reversed,1
08h 15,approved,176
08h 15,backend_reversed,2
08h 15,denied,12
08h 16,denied,22
08h 16,approved,185
08h 17,approved,164
08h 17,refunded,1
08h 17,denied,27
08h 18,refunded,1
08h 18,approved,163
08h 18,denied,16
08h 19,approved,182
08h 19,denied,22
08h 20,approved,158
08h 20,refunded,2
08h 20,reversed,2
08h 20,denied,16
08h 21,refunded,1
08h 21,approved,187
08h 21,denied,25
08h 22,approved,180
08h 22,reversed,3
08h 22,denied,18
08h 23,approved,177
08h 23,denied,21
08h 23,reversed,1
08h 23,refunded,1
08h 24,denied,30
08h 24,approved,201
08h 24,reversed,1
08h 25,approved,180
08h 25,backend_reversed,1
08h 25,denied,24
08h 26,approved,171
08h 26,refunded,1
08h 26,reversed,1
08h 26,denied,17
08h 27,refunded,2
08h 27,denied,19
08h 27,backend_reversed,1
08h 27,approved,189
08h 28,denied,20
08h 28,reversed,2
08h 28,approved,203
08h 29,approved,188
08h 29,denied,22
08h 30,backend_reversed,1
08h 30,approved,190
08h 30,reversed,1
08h 30,refunded,1
08h 30,denied,23
08h 31,approved,186
08h 31,denied,23
08h 31,reversed,3
08h 31,refunded,2
08h 32,backend_reversed,1
08h 32,approved,175
08h 32,reversed,2
08h 32,denied,19
08h 33,denied,22
08h 33,reversed,2
08h 33,approved,200
08h 34,denied,13
08h 34,reversed,2
08h 34,approved,198
08h 35,reversed,1
08h 35,denied,15
08h 35,refunded,1
08h 35,backend_reversed,2
08h 35,approved,204
08h 36,denied,18
08h 36,refunded,1
08h 36,approved,178
08h 36,reversed,3
08h 37,refunded,1
08h 37,denied,20
08h 37,approved,185
08h 38,approved,195
08h 38,denied,18
08h 38,refunded,1
08h 39,denied,24
08h 39,reversed,1
08h 39,approved,213
08h 40,denied,24
08h 40,approved,209
08h 41,approved,215
08h 41,denied,29
08h 41,reversed,3
08h 42,refunded,2
08h 42,denied,18
08h 42,approved,210
08h 42,reversed,1
08h 43,approved,219
08h 43,denied,18
08h 44,approved,213
08h 44,denied,30
08h 44,reversed,1
08h 45,approved,219
08h 45,reversed,1
08h 45,denied,28
08h 46,denied,27
08h 46,reversed,1
08h 46,approved,212
08h 46,backend_reversed,1
08h 47,refunded,1
08h 47,backend_reversed,2
08h 47,approved,228
08h 47,denied,19
08h 48,approved,222
08h 48,denied,24
08h 48,reversed,1
08h 48,backend_reversed,3
08h 49,backend_reversed,1
08h 49,approved,235
08h 49,denied,26
08h 50,denied,34
08h 50,reversed,1
08h 50,approved,250
08h 51,approved,251
08h 51,denied,19
08h 51,reversed,2
08h 52,failed,1
08h 52,denied,26
08h 52,approved,230
08h 53,reversed,1
08h 53,failed,1
08h 53,approved,250
08h 53,refunded,1
08h 53,denied,22
08h 54,denied,23
08h 54,reversed,1
08h 54,approved,225
08h 55,approved,227
08h 55,refunded,1
08h 55,denied,26
08h 56,approved,255
08h 56,denied,24
08h 57,denied,30
08h 57,reversed,2
08h 57,approved,218
08h 58,denied,22
08h 58,reversed,1
08h 58,approved,247
08h 59,approved,231
08h 59,refunded,2
08h 59,denied,27
08h 59,reversed,1
09h 00,approved,245
09h 00,backend_reversed,2
09h 00,denied,34
09h 01,reversed,4
09h 01,approved,232
09h 01,denied,34
09h 02,approved,231
09h 02,denied,25
09h 02,reversed,1
09h 03,approved,260
09h 03,reversed,3
09h 03,denied,24
09h 04,denied,19
09h 04,backend_reversed,2
09h 04,approved,255
09h 04,reversed,1
09h 05,denied,21
09h 05,backend_reversed,1
09h 05,approved,228
09h 05,reversed,2
09h 06,denied,20
09h 06,reversed,1
09h 06,approved,258
09h 07,reversed,1
09h 07,denied,28
09h 07,backend_reversed,1
09h 07,approved,279
09h 08,backend_reversed,3
09h 08,approved,287
09h 08,denied,26
09h 09,denied,36
09h 09,reversed,3
09h 09,approved,295
09h 09,backend_reversed,1
09h 10,approved,251
09h 10,denied,30
09h 10,backend_reversed,1
09h 10,reversed,1
09h 11,denied,26
09h 11,approved,266
09h 11,refunded,1
09h 11,reversed,4
09h 12,backend_reversed,2
09h 12,denied,27
09h 12,reversed,1
09h 12,approved,279
09h 12,refunded,1
09h 13,denied,35
09h 13,reversed,1
09h 13,approved,291
09h 13,backend_reversed,3
09h 14,approved,297
09h 14,denied,25
09h 14,backend_reversed,1
09h 14,reversed,3
09h 15,denied,31
09h 15,approved,276
09h 16,approved,270
09h 16,denied,24
09h 16,backend_reversed,2
09h 16,reversed,1
09h 16,refunded,1
09h 17,approved,282
09h 17,refunded,1
09h 17,denied,39
09h 17,reversed,3
09h 18,approved,295
09h 18,reversed,1
09h 18,denied,28
09h 18,refunded,1
09h 19,approved,289
09h 19,reversed,1
09h 19,denied,32
09h 20,backend_reversed,1
09h 20,approved,301
09h 20,reversed,2
09h 20,denied,30
09h 21,denied,26
09h 21,approved,313
09h 21,reversed,3
09h 21,refunded,1
09h 22,backend_reversed,1
09h 22,approved,319
09h 22,reversed,1
09h 22,denied,41
09h 23,reversed,2
09h 23,approved,307
09h 23,refunded,1
09h 23,denied,31
09h 24,denied,22
09h 24,approved,323
09h 24,reversed,1
09h 25,backend_reversed,1
09h 25,approved,333
09h 25,denied,29
09h 26,refunded,1
09h 26,approved,324
09h 26,denied,39
09h 26,reversed,3
09h 27,approved,332
09h 27,backend_reversed,1
09h 27,refunded,1
09h 27,reversed,3
09h 27,denied,39
09h 28,approved,339
09h 28,refunded,2
09h 28,reversed,4
09h 28,denied,38
09h 28,backend_reversed,1
09h 29,approved,288
09h 29,denied,36
09h 29,backend_reversed,4
09h 29,reversed,1
09h 30,approved,323
09h 30,reversed,4
09h 30,denied,34
09h 31,reversed,4
09h 31,denied,36
09h 31,backend_reversed,1
09h 31,approved,312
09h 32,reversed,2
09h 32,denied,26
09h 32,refunded,1
09h 32,approved,295
09h 33,denied,29
09h 33,reversed,1
09h 33,approved,315
09h 34,approved,333
09h 34,denied,39
09h 34,reversed,1
09h 35,reversed,5
09h 35,approved,322
09h 35,refunded,1
09h 35,denied,30
09h 36,reversed,4
09h 36,approved,304
09h 36,denied,34
09h 36,refunded,3
09h 37,denied,36
09h 37,reversed,2
09h 37,approved,310
09h 37,refunded,1
09h 38,approved,312
09h 38,reversed,5
09h 38,denied,32
09h 39,approved,312
09h 39,refunded,1
09h 39,denied,31
09h 39,backend_reversed,1
09h 40,approved,340
09h 40,denied,28
09h 40,reversed,4
09h 40,backend_reversed,2
09h 40,refunded,4
09h 41,refunded,1
09h 41,approved,307
09h 41,denied,32
09h 41,reversed,2
09h 42,approved,316
09h 42,denied,38
09h 42,refunded,1
09h 42,reversed,4
09h 42,backend_reversed,2
09h 43,denied,35
09h 43,refunded,1
09h 43,reversed,1
09h 43,backend_reversed,2
09h 43,approved,315
09h 44,backend_reversed,1
09h 44,approved,322
09h 44,denied,36
09h 44,refunded,1
09h 44,reversed,1
09h 45,approved,342
09h 45,reversed,1
09h 45,denied,38
09h 45,refunded,1
09h 45,backend_reversed,1
09h 46,denied,41
09h 46,approved,321
09h 46,reversed,4
09h 46,refunded,2
09h 47,denied,33
09h 47,reversed,3
09h 47,approved,350
09h 47,backend_reversed,2
09h 48,approved,340
09h 48,denied,30
09h 48,reversed,2
09h 48,backend_reversed,1
09h 48,refunded,3
09h 49,reversed,3
09h 49,approved,350
09h 49,denied,33
09h 50,backend_reversed,1
09h 50,denied,36
09h 50,approved,328
09h 50,reversed,2
09h 51,denied,39
09h 51,reversed,1
09h 51,approved,317
09h 51,refunded,1
09h 51,backend_reversed,1
09h 52,reversed,3
09h 52,denied,29
09h 52,refunded,1
09h 52,approved,324
09h 53,backend_reversed,1
09h 53,approved,362
09h 53,denied,26
09h 54,reversed,2
09h 54,denied,37
09h 54,approved,362
09h 54,backend_reversed,2
09h 55,refunded,1
09h 55,backend_reversed,1
09h 55,approved,336
09h 55,denied,45
09h 56,approved,350
09h 56,refunded,2
09h 56,denied,46
09h 56,reversed,5
09h 56,backend_reversed,3
09h 57,backend_reversed,3
09h 57,approved,351
09h 57,reversed,3
09h 57,denied,48
09h 58,denied,35
09h 58,approved,327
09h 58,backend_reversed,1
09h 58,reversed,2
09h 59,backend_reversed,1
09h 59,approved,326
09h 59,reversed,1
09h 59,denied,35
10h 00,reversed,2
10h 00,denied,35
10h 00,backend_reversed,2
10h 00,approved,363
10h 01,refunded,2
10h 01,approved,372
10h 01,reversed,2
10h 01,denied,36
10h 02,approved,363
10h 02,reversed,2
10h 02,refunded,1
10h 02,denied,33
10h 02,backend_reversed,2
10h 03,backend_reversed,2
10h 03,approved,360
10h 03,denied,30
10h 03,reversed,4
10h 04,denied,39
10h 04,approved,336
10h 04,reversed,3
10h 05,denied,29
10h 05,reversed,4
10h 05,approved,335
10h 05,backend_reversed,2
10h 05,refunded,1
10h 06,denied,36
10h 06,backend_reversed,2
10h 06,approved,337
10h 07,approved,351
10h 07,denied,31
10h 07,refunded,1
10h 07,backend_reversed,1
10h 08,backend_reversed,3
10h 08,refunded,1
10h 08,approved,360
10h 08,denied,29
10h 08,reversed,3
10h 09,approved,357
10h 09,denied,27
10h 09,reversed,5
10h 10,approved,348
10h 10,denied,49
10h 10,reversed,2
10h 10,backend_reversed,1
10h 11,denied,36
10h 11,backend_reversed,2
10h 11,approved,382
10h 11,reversed,2
10h 11,refunded,2
10h 12,approved,348
10h 12,denied,30
10h 12,reversed,4
10h 12,backend_reversed,1
10h 13,approved,346
10h 13,denied,45
10h 13,reversed,3
10h 13,backend_reversed,2
10h 14,refunded,2
10h 14,approved,326
10h 14,denied,42
10h 15,reversed,1
10h 15,approved,322
10h 15,denied,36
10h 16,approved,379
10h 16,denied,35
10h 16,reversed,1
10h 17,approved,342
10h 17,reversed,3
10h 17,denied,34
10h 18,reversed,3
10h 18,approved,347
10h 18,denied,30
10h 19,reversed,2
10h 19,approved,343
10h 19,denied,44
10h 20,refunded,1
10h 20,approved,324
10h 20,denied,46
10h 21,refunded,1
10h 21,approved,332
10h 21,denied,29
10h 21,reversed,1
10h 21,backend_reversed,1
10h 22,approved,335
10h 22,backend_reversed,1
10h 22,denied,33
10h 23,denied,23
10h 23,reversed,3
10h 23,backend_reversed,1
10h 23,approved,344
10h 24,denied,40
10h 24,refunded,1
10h 24,approved,349
10h 24,reversed,1
10h 25,approved,348
10h 25,reversed,4
10h 25,denied,31
10h 26,approved,356
10h 26,backend_reversed,2
10h 26,denied,38
10h 26,reversed,2
10h 27,denied,38
10h 27,backend_reversed,1
10h 27,reversed,1
10h 27,approved,337
10h 28,reversed,3
10h 28,backend_reversed,1
10h 28,denied,35
10h 28,approved,365
10h 29,backend_reversed,1
10h 29,approved,384
10h 29,denied,45
10h 30,approved,365
10h 30,denied,41
10h 30,reversed,2
10h 31,denied,30
10h 31,reversed,3
10h 31,backend_reversed,1
10h 31,approved,373
10h 31,failed,1
10h 32,denied,35
10h 32,reversed,2
10h 32,approved,365
10h 32,refunded,2
10h 33,reversed,2
10h 33,approved,335
10h 33,denied,47
10h 34,denied,28
10h 34,approved,351
10h 34,reversed,1
10h 34,backend_reversed,1
10h 35,approved,379
10h 35,reversed,1
10h 35,denied,36
10h 35,refunded,2
10h 36,backend_reversed,2
10h 36,denied,30
10h 36,approved,365
10h 36,reversed,2
10h 37,approved,339
10h 37,reversed,3
10h 37,backend_reversed,2
10h 37,refunded,2
10h 37,denied,38
10h 38,refunded,1
10h 38,failed,1
10h 38,approved,351
10h 38,denied,41
10h 38,reversed,4
10h 39,approved,339
10h 39,denied,51
10h 39,reversed,1
10h 40,approved,375
10h 40,reversed,4
10h 40,backend_reversed,1
10h 40,denied,29
10h 41,reversed,1
10h 41,approved,352
10h 41,backend_reversed,1
10h 41,denied,34
10h 42,denied,37
10h 42,approved,343
10h 42,refunded,2
10h 42,reversed,3
10h 43,reversed,2
10h 43,approved,335
10h 43,denied,31
10h 44,backend_reversed,1
10h 44,approved,338
10h 44,denied,34
10h 44,reversed,3
10h 45,reversed,1
10h 45,approved,375
10h 45,refunded,1
10h 45,denied,35
10h 45,backend_reversed,1
10h 46,refunded,1
10h 46,denied,39
10h 46,reversed,4
10h 46,approved,398
10h 47,denied,35
10h 47,backend_reversed,2
10h 47,approved,345
10h 48,approved,364
10h 48,refunded,1
10h 48,backend_reversed,2
10h 48,denied,46
10h 49,backend_reversed,2
10h 49,denied,51
10h 49,refunded,1
10h 49,approved,385
10h 49,reversed,2
10h 50,denied,28
10h 50,approved,373
10h 50,backend_reversed,2
10h 50,reversed,1
10h 51,denied,46
10h 51,reversed,1
10h 51,approved,383
10h 52,approved,380
10h 52,backend_reversed,3
10h 52,reversed,1
10h 52,denied,34
10h 53,approved,365
10h 53,denied,48
10h 54,denied,34
10h 54,approved,391
10h 54,backend_reversed,4
10h 54,reversed,2
10h 55,approved,369
10h 55,denied,35
10h 55,reversed,1
10h 55,backend_reversed,3
10h 56,approved,362
10h 56,denied,38
10h 56,backend_reversed,1
10h 56,reversed,3
10h 57,reversed,4
10h 57,denied,47
10h 57,backend_reversed,1
10h 57,approved,339
10h 58,reversed,1
10h 58,approved,355
10h 58,refunded,1
10h 58,denied,36
10h 58,backend_reversed,1
10h 59,reversed,2
10h 59,backend_reversed,1
10h 59,approved,381
10h 59,denied,39
10h 59,refunded,1
11h 00,denied,34
11h 00,backend_reversed,1
11h 00,approved,375
11h 00,reversed,2
11h 01,approved,373
11h 01,denied,41
11h 01,reversed,3
11h 02,denied,28
11h 02,approved,354
11h 02,backend_reversed,4
11h 03,backend_reversed,1
11h 03,approved,354
11h 03,denied,34
11h 03,reversed,1
11h 04,denied,48
11h 04,reversed,1
11h 04,approved,396
11h 04,refunded,2
11h 05,reversed,4
11h 05,approved,396
11h 05,denied,36
11h 06,denied,34
11h 06,reversed,1
11h 06,approved,364
11h 06,refunded,1
11h 07,denied,42
11h 07,reversed,4
11h 07,approved,348
11h 07,refunded,2
11h 08,approved,356
11h 08,denied,31
11h 08,refunded,3
11h 08,reversed,3
11h 09,approved,379
11h 09,backend_reversed,1
11h 09,denied,28
11h 09,reversed,5
11h 10,approved,355
11h 10,denied,32
11h 10,backend_reversed,1
11h 11,denied,37
11h 11,approved,378
11h 11,backend_reversed,1
11h 11,refunded,1
11h 12,denied,35
11h 12,backend_reversed,1
11h 12,approved,356
11h 12,refunded,3
11h 13,approved,382
11h 13,denied,26
11h 13,backend_reversed,1
11h 13,reversed,1
11h 14,reversed,2
11h 14,denied,34
11h 14,approved,353
11h 15,denied,43
11h 15,refunded,2
11h 15,reversed,3
11h 15,approved,382
11h 16,backend_reversed,1
11h 16,denied,34
11h 16,approved,330
11h 16,reversed,2
11h 17,reversed,2
11h 17,approved,376
11h 17,denied,38
11h 18,refunded,1
11h 18,denied,34
11h 18,approved,324
11h 18,reversed,4
11h 19,backend_reversed,1
11h 19,approved,373
11h 19,denied,39
11h 19,reversed,1
11h 20,approved,377
11h 20,denied,22
11h 20,refunded,1
11h 21,approved,356
11h 21,denied,35
11h 21,reversed,1
11h 22,approved,377
11h 22,denied,37
11h 22,refunded,1
11h 23,denied,33
11h 23,approved,367
11h 23,reversed,1
11h 24,approved,371
11h 24,reversed,3
11h 24,refunded,1
11h 24,denied,26
11h 25,reversed,3
11h 25,denied,30
11h 25,approved,391
11h 25,refunded,2
11h 25,backend_reversed,1
11h 26,approved,382
11h 26,denied,35
11h 26,reversed,3
11h 27,approved,380
11h 27,denied,52
11h 27,refunded,1
11h 27,reversed,2
11h 28,backend_reversed,1
11h 28,denied,40
11h 28,approved,349
11h 28,reversed,3
11h 28,refunded,1
11h 29,approved,346
11h 29,denied,35
11h 30,denied,34
11h 30,reversed,1
11h 30,approved,377
11h 31,approved,368
11h 31,reversed,3
11h 31,denied,35
11h 32,reversed,3
11h 32,approved,351
11h 32,denied,29
11h 32,backend_reversed,1
11h 33,approved,358
11h 33,refunded,1
11h 33,denied,18
11h 33,reversed,1
11h 34,reversed,1
11h 34,refunded,1
11h 34,denied,40
11h 34,approved,327
11h 35,denied,38
11h 35,reversed,3
11h 35,approved,355
11h 36,denied,31
11h 36,approved,392
11h 36,reversed,5
11h 36,refunded,2
11h 37,reversed,2
11h 37,backend_reversed,1
11h 37,approved,379
11h 37,denied,36
11h 37,refunded,1
11h 38,approved,407
11h 38,denied,33
11h 39,approved,371
11h 39,denied,29
11h 39,reversed,2
11h 40,approved,397
11h 40,denied,33
11h 40,backend_reversed,2
11h 40,reversed,2
11h 41,denied,28
11h 41,reversed,1
11h 41,approved,349
11h 42,approved,382
11h 42,denied,34
11h 42,reversed,3
11h 43,approved,370
11h 43,denied,48
11h 43,reversed,3
11h 44,denied,36
11h 44,reversed,1
11h 44,approved,384
11h 45,reversed,2
11h 45,approved,358
11h 45,denied,33
11h 46,approved,366
11h 46,reversed,1
11h 46,denied,41
11h 46,refunded,3
11h 47,approved,375
11h 47,denied,45
11h 47,reversed,1
11h 48,backend_reversed,1
11h 48,approved,364
11h 48,refunded,1
11h 48,denied,34
11h 49,reversed,3
11h 49,approved,378
11h 49,denied,38
11h 50,denied,34
11h 50,approved,390
11h 50,reversed,1
11h 50,backend_reversed,2
11h 50,refunded,1
11h 51,backend_reversed,1
11h 51,denied,38
11h 51,approved,347
11h 51,reversed,2
11h 52,approved,391
11h 52,denied,43
11h 52,reversed,1
11h 53,reversed,2
11h 53,approved,366
11h 53,denied,45
11h 54,reversed,1
11h 54,denied,38
11h 54,refunded,1
11h 54,approved,293
11h 55,approved,354
11h 55,denied,36
11h 55,reversed,2
11h 56,denied,36
11h 56,approved,337
11h 56,reversed,5
11h 57,denied,28
11h 57,approved,337
11h 57,reversed,1
11h 58,reversed,2
11h 58,refunded,1
11h 58,approved,333
11h 58,denied,33
11h 59,denied,19
11h 59,reversed,1
11h 59,approved,330
12h 00,approved,339
12h 00,denied,24
12h 00,failed,1
12h 00,reversed,1
12h 01,approved,332
12h 01,refunded,1
12h 01,backend_reversed,1
12h 01,reversed,1
12h 01,denied,27
12h 02,approved,365
12h 02,denied,39
12h 02,reversed,1
12h 02,backend_reversed,1
12h 03,denied,38
12h 03,approved,354
12h 04,approved,335
12h 04,backend_reversed,1
12h 04,denied,31
12h 05,denied,36
12h 05,approved,354
12h 05,reversed,2
12h 06,denied,19
12h 06,approved,337
12h 06,refunded,1
12h 06,reversed,2
12h 07,denied,33
12h 07,backend_reversed,1
12h 07,approved,311
12h 08,approved,334
12h 08,reversed,2
12h 08,denied,42
12h 09,approved,359
12h 09,denied,27
12h 09,reversed,2
12h 10,approved,302
12h 10,reversed,1
12h 10,denied,45
12h 11,approved,325
12h 11,denied,25
12h 11,reversed,5
12h 12,approved,312
12h 12,denied,30
12h 12,reversed,2
12h 13,denied,24
12h 13,approved,336
12h 13,backend_reversed,1
12h 14,approved,303
12h 14,reversed,5
12h 14,denied,34
12h 14,backend_reversed,1
12h 15,denied,21
12h 15,approved,321
12h 15,reversed,1
12h 16,denied,30
12h 16,reversed,1
12h 16,backend_reversed,1
12h 16,approved,307
12h 16,refunded,1
12h 17,approved,307
12h 17,denied,38
12h 18,denied,25
12h 18,approved,308
12h 19,reversed,2
12h 19,refunded,1
12h 19,approved,342
12h 19,denied,35
12h 20,approved,322
12h 20,denied,32
12h 21,approved,291
12h 21,reversed,1
12h 21,refunded,1
12h 21,denied,26
12h 21,backend_reversed,2
12h 22,backend_reversed,1
12h 22,reversed,1
12h 22,approved,300
12h 22,denied,27
12h 23,denied,38
12h 23,approved,280
12h 24,approved,306
12h 24,denied,23
12h 24,reversed,1
12h 24,backend_reversed,2
12h 25,refunded,1
12h 25,denied,27
12h 25,approved,314
12h 25,reversed,1
12h 26,reversed,1
12h 26,approved,314
12h 26,denied,20
12h 27,denied,19
12h 27,refunded,1
12h 27,approved,270
12h 27,reversed,1
12h 28,failed,1
12h 28,reversed,2
12h 28,denied,28
12h 28,approved,287
12h 29,approved,291
12h 29,denied,24
12h 29,refunded,2
12h 29,reversed,2
12h 30,approved,293
12h 30,backend_reversed,1
12h 30,refunded,1
12h 30,denied,31
12h 31,reversed,1
12h 31,approved,310
12h 31,denied,21
12h 32,reversed,2
12h 32,refunded,1
12h 32,denied,36
12h 32,approved,272
12h 33,approved,263
12h 33,denied,20
12h 33,reversed,1
12h 34,approved,310
12h 34,denied,25
12h 34,refunded,1
12h 35,backend_reversed,4
12h 35,approved,292
12h 35,refunded,1
12h 35,reversed,2
12h 35,denied,29
12h 36,reversed,1
12h 36,denied,21
12h 36,approved,300
12h 36,backend_reversed,2
12h 37,approved,262
12h 37,denied,21
12h 37,reversed,1
12h 37,backend_reversed,1
12h 38,backend_reversed,1
12h 38,denied,31
12h 38,refunded,1
12h 38,reversed,3
12h 38,approved,273
12h 39,denied,22
12h 39,approved,269
12h 39,reversed,1
12h 40,approved,259
12h 40,denied,22
12h 40,refunded,1
12h 40,reversed,2
12h 41,approved,288
12h 41,reversed,2
12h 41,denied,20
12h 41,backend_reversed,1
12h 42,approved,278
12h 42,denied,27
12h 42,refunded,2
12h 42,backend_reversed,1
12h 43,reversed,4
12h 43,approved,280
12h 43,denied,18
12h 44,approved,276
12h 44,reversed,1
12h 44,denied,32
12h 45,approved,264
12h 45,reversed,1
12h 45,denied,30
12h 46,denied,32
12h 46,approved,277
12h 46,reversed,1
12h 47,approved,273
12h 47,failed,1
12h 47,denied,29
12h 48,refunded,1
12h 48,reversed,2
12h 48,denied,12
12h 48,approved,277
12h 49,approved,293
12h 49,reversed,1
12h 49,denied,24
12h 50,approved,285
12h 50,denied,29
12h 50,reversed,2
12h 51,denied,24
12h 51,approved,274
12h 51,reversed,3
12h 52,reversed,3
12h 52,denied,25
12h 52,approved,305
12h 53,approved,316
12h 53,reversed,1
12h 53,denied,27
12h 53,backend_reversed,1
12h 54,denied,39
12h 54,refunded,1
12h 54,approved,278
12h 54,reversed,1
12h 55,denied,35
12h 55,approved,233
12h 55,reversed,2
12h 56,denied,28
12h 56,reversed,3
12h 56,approved,286
12h 56,backend_reversed,1
12h 57,reversed,1
12h 57,backend_reversed,1
12h 57,denied,28
12h 57,approved,259
12h 58,denied,27
12h 58,backend_reversed,1
12h 58,approved,308
12h 58,reversed,6
12h 59,backend_reversed,4
12h 59,denied,28
12h 59,approved,293
13h 00,denied,25
13h 00,reversed,3
13h 00,refunded,1
13h 00,backend_reversed,3
13h 00,approved,294
13h 01,approved,280
13h 01,backend_reversed,2
13h 01,denied,23
13h 01,reversed,2
13h 02,approved,296
13h 02,backend_reversed,4
13h 02,refunded,1
13h 02,denied,26
13h 03,denied,31
13h 03,backend_reversed,2
13h 03,approved,283
13h 03,reversed,1
13h 04,approved,305
13h 04,backend_reversed,2
13h 04,denied,19
13h 05,approved,292
13h 05,reversed,1
13h 05,denied,21
13h 06,reversed,1
13h 06,denied,27
13h 06,approved,271
13h 07,approved,280
13h 07,reversed,1
13h 07,denied,23
13h 08,approved,291
13h 08,denied,23
13h 08,reversed,2
13h 09,approved,263
13h 09,denied,37
13h 09,reversed,3
13h 10,approved,292
13h 10,reversed,1
13h 10,failed,1
13h 10,refunded,1
13h 10,denied,29
13h 11,denied,25
13h 11,reversed,4
13h 11,approved,303
13h 12,approved,242
13h 12,reversed,5
13h 12,denied,30
13h 12,refunded,1
13h 13,denied,27
13h 13,reversed,1
13h 13,backend_reversed,1
13h 13,approved,283
13h 14,denied,24
13h 14,refunded,2
13h 14,approved,271
13h 14,reversed,1
13h 15,approved,292
13h 15,reversed,3
13h 15,denied,27
13h 15,refunded,1
13h 16,approved,308
13h 16,denied,31
13h 16,refunded,1
13h 17,reversed,1
13h 17,denied,34
13h 17,approved,310
13h 18,approved,259
13h 18,denied,39
13h 19,denied,37
13h 19,approved,286
13h 19,reversed,5
13h 20,approved,300
13h 20,denied,25
13h 20,backend_reversed,1
13h 20,reversed,2
13h 21,reversed,3
13h 21,denied,29
13h 21,approved,274
13h 22,denied,39
13h 22,approved,303
13h 22,reversed,2
13h 23,approved,256
13h 23,denied,19
13h 24,refunded,2
13h 24,approved,283
13h 24,denied,26
13h 24,reversed,2
13h 25,approved,307
13h 25,denied,33
13h 25,reversed,1
13h 25,refunded,1
13h 26,backend_reversed,1
13h 26,approved,282
13h 26,denied,33
13h 26,refunded,2
13h 27,approved,274
13h 27,denied,35
13h 28,approved,309
13h 28,denied,37
13h 28,reversed,2
13h 28,refunded,1
13h 29,denied,28
13h 29,approved,271
13h 29,reversed,1
13h 30,approved,303
13h 30,refunded,1
13h 30,denied,23
13h 31,approved,282
13h 31,denied,20
13h 32,approved,281
13h 32,reversed,1
13h 32,denied,21
13h 32,refunded,1
13h 33,approved,283
13h 33,denied,29
13h 33,refunded,1
13h 33,backend_reversed,1
13h 34,denied,22
13h 34,approved,302
13h 34,backend_reversed,1
13h 34,reversed,1
13h 35,approved,252
13h 35,denied,28
13h 36,backend_reversed,1
13h 36,reversed,1
13h 36,approved,285
13h 36,denied,26
13h 37,approved,290
13h 37,denied,28
13h 38,approved,289
13h 38,reversed,1
13h 38,denied,23
13h 39,denied,23
13h 39,approved,274
13h 40,approved,295
13h 40,reversed,2
13h 40,denied,33
13h 41,approved,306
13h 41,reversed,1
13h 41,denied,39
13h 42,reversed,3
13h 42,denied,28
13h 42,approved,283
13h 43,reversed,3
13h 43,refunded,1
13h 43,denied,26
13h 43,approved,296
13h 44,denied,30
13h 44,reversed,1
13h 44,approved,307
13h 45,denied,29
13h 45,approved,306
13h 45,reversed,1
13h 46,denied,30
13h 46,refunded,1
13h 46,approved,296
13h 47,denied,32
13h 47,approved,280
13h 47,refunded,1
13h 47,reversed,1
13h 48,reversed,2
13h 48,approved,288
13h 48,denied,34
13h 49,approved,301
13h 49,denied,30
13h 50,refunded,2
13h 50,approved,266
13h 50,denied,21
13h 51,approved,300
13h 51,denied,30
13h 51,reversed,1
13h 52,refunded,2
13h 52,denied,30
13h 52,approved,274
13h 52,reversed,1
13h 53,approved,285
13h 53,denied,24
13h 53,reversed,1
13h 54,denied,33
13h 54,approved,292
13h 55,refunded,1
13h 55,approved,279
13h 55,denied,25
13h 55,reversed,1
13h 56,reversed,3
13h 56,denied,30
13h 56,approved,266
13h 56,backend_reversed,1
13h 56,refunded,1
13h 57,approved,301
13h 57,denied,35
13h 57,backend_reversed,1
13h 58,refunded,4
13h 58,reversed,2
13h 58,backend_reversed,1
13h 58,denied,31
13h 58,approved,307
13h 59,denied,26
13h 59,backend_reversed,2
13h 59,refunded,1
13h 59,approved,300
14h 00,approved,289
14h 00,denied,22
14h 00,reversed,1
14h 01,denied,33
14h 01,approved,310
14h 01,refunded,2
14h 01,reversed,1
14h 02,denied,25
14h 02,reversed,1
14h 02,approved,269
14h 03,reversed,1
14h 03,refunded,1
14h 03,backend_reversed,1
14h 03,denied,24
14h 03,approved,317
14h 04,denied,24
14h 04,approved,295
14h 04,reversed,2
14h 05,approved,308
14h 05,denied,34
14h 06,approved,297
14h 06,denied,21
14h 06,refunded,1
14h 07,denied,27
14h 07,reversed,1
14h 07,approved,316
14h 07,refunded,1
14h 08,denied,33
14h 08,approved,267
14h 08,reversed,1
14h 09,approved,299
14h 09,denied,26
14h 09,refunded,1
14h 09,reversed,2
14h 10,reversed,1
14h 10,approved,292
14h 10,denied,28
14h 11,approved,323
14h 11,denied,24
14h 11,reversed,1
14h 11,refunded,2
14h 12,denied,39
14h 12,approved,323
14h 13,approved,285
14h 13,refunded,3
14h 13,denied,26
14h 14,denied,24
14h 14,approved,310
14h 14,reversed,3
14h 14,refunded,1
14h 15,approved,318
14h 15,refunded,1
14h 15,reversed,2
14h 15,denied,34
14h 16,reversed,2
14h 16,denied,38
14h 16,approved,311
14h 17,denied,27
14h 17,refunded,1
14h 17,approved,298
14h 17,reversed,2
14h 18,approved,341
14h 18,reversed,1
14h 18,denied,41
14h 19,reversed,1
14h 19,refunded,2
14h 19,denied,27
14h 19,approved,328
14h 20,approved,339
14h 20,denied,31
14h 20,refunded,2
14h 20,reversed,1
14h 21,approved,322
14h 21,denied,29
14h 21,reversed,2
14h 22,denied,29
14h 22,approved,340
14h 23,approved,336
14h 23,denied,36
14h 23,reversed,2
14h 24,approved,325
14h 24,denied,32
14h 24,reversed,1
14h 25,denied,36
14h 25,reversed,1
14h 25,failed,1
14h 25,approved,342
14h 26,approved,310
14h 26,reversed,1
14h 26,refunded,1
14h 26,denied,28
14h 27,denied,31
14h 27,refunded,1
14h 27,approved,340
14h 27,backend_reversed,1
14h 28,reversed,5
14h 28,approved,335
14h 28,denied,37
14h 28,refunded,2
14h 29,approved,346
14h 29,denied,34
14h 29,backend_reversed,1
14h 29,reversed,1
14h 30,denied,41
14h 30,backend_reversed,2
14h 30,reversed,6
14h 30,approved,327
14h 30,processing,1
14h 31,processing,5
14h 31,backend_reversed,2
14h 31,approved,125
14h 31,denied,11
14h 32,processing,1
14h 33,processing,8
14h 33,refunded,1
14h 33,backend_reversed,3
14h 33,approved,62
14h 33,denied,18
14h 33,reversed,122
14h 34,refunded,2
14h 34,reversed,148
14h 34,backend_reversed,3
14h 34,denied,19
14h 34,approved,102
14h 34,processing,10
14h 35,reversed,206
14h 35,processing,1
14h 35,approved,381
14h 35,backend_reversed,7
14h 35,refunded,4
14h 35,denied,73
14h 36,processing,5
14h 36,denied,44
14h 36,reversed,71
14h 36,approved,186
14h 36,refunded,4
14h 36,backend_reversed,5
14h 36,failed,1
14h 37,reversed,61
14h 37,denied,8
14h 37,processing,11
14h 37,approved,48
14h 37,backend_reversed,4
14h 38,refunded,3
14h 38,backend_reversed,5
14h 38,processing,12
14h 38,reversed,122
14h 38,approved,211
14h 38,denied,57
14h 39,backend_reversed,2
14h 39,approved,273
14h 39,reversed,121
14h 39,denied,39
14h 39,processing,1
14h 39,refunded,7
14h 40,denied,2
14h 40,approved,17
14h 40,processing,8
14h 40,backend_reversed,4
14h 40,reversed,31
14h 41,processing,7
14h 41,backend_reversed,1
14h 41,denied,62
14h 41,reversed,180
14h 41,refunded,2
14h 41,approved,248
14h 42,denied,87
14h 42,refunded,13
14h 42,backend_reversed,3
14h 42,approved,434
14h 42,reversed,193
14h 43,reversed,109
14h 43,approved,782
14h 43,backend_reversed,7
14h 43,denied,98
14h 43,refunded,11
14h 44,approved,305
14h 44,processing,14
14h 44,denied,54
14h 44,failed,1
14h 44,reversed,82
14h 44,refunded,1
14h 44,backend_reversed,6
14h 45,refunded,3
14h 45,backend_reversed,1
14h 45,reversed,116
14h 45,approved,136
14h 45,processing,2
14h 45,denied,39
14h 46,refunded,5
14h 46,failed,3
14h 46,backend_reversed,13
14h 46,processing,2
14h 46,approved,456
14h 46,reversed,139
14h 46,denied,129
14h 47,refunded,4
14h 47,backend_reversed,4
14h 47,denied,82
14h 47,approved,369
14h 47,processing,10
14h 47,reversed,63
14h 48,approved,342
14h 48,reversed,65
14h 48,backend_reversed,9
14h 48,denied,52
14h 48,processing,8
14h 49,denied,84
14h 49,backend_reversed,8
14h 49,refunded,5
14h 49,approved,107
14h 49,reversed,174
14h 49,failed,2
14h 50,denied,42
14h 50,backend_reversed,10
14h 50,refunded,3
14h 50,approved,239
14h 50,failed,2
14h 50,reversed,69
14h 50,processing,15
14h 51,approved,257
14h 51,backend_reversed,10
14h 51,processing,8
14h 51,failed,1
14h 51,reversed,159
14h 51,denied,50
14h 52,denied,94
14h 52,reversed,109
14h 52,refunded,5
14h 52,processing,8
14h 52,failed,1
14h 52,approved,558
14h 52,backend_reversed,6
14h 53,refunded,3
14h 53,backend_reversed,6
14h 53,denied,35
14h 53,failed,1
14h 53,reversed,66
14h 53,approved,243
14h 53,processing,8
14h 54,approved,14
14h 54,denied,2
14h 54,backend_reversed,4
14h 54,reversed,36
14h 54,processing,23
14h 56,denied,97
14h 56,reversed,172
14h 56,refunded,7
14h 56,backend_reversed,21
14h 56,approved,332
14h 56,processing,3
14h 56,failed,3
14h 57,approved,162
14h 57,backend_reversed,11
14h 57,denied,33
14h 57,processing,13
14h 57,failed,2
14h 57,reversed,57
14h 57,refunded,2
14h 58,reversed,179
14h 58,failed,1
14h 58,approved,171
14h 58,denied,82
14h 58,refunded,5
14h 58,backend_reversed,8
14h 58,processing,2
14h 59,approved,266
14h 59,reversed,124
14h 59,processing,12
14h 59,denied,47
14h 59,backend_reversed,2
14h 59,refunded,3
15h 00,reversed,83
15h 00,processing,2
15h 00,backend_reversed,2
15h 00,refunded,1
15h 00,approved,216
15h 00,denied,22
15h 01,reversed,95
15h 01,approved,224
15h 01,processing,6
15h 01,backend_reversed,6
15h 01,denied,36
15h 01,refunded,2
15h 02,refunded,3
15h 02,failed,1
15h 02,backend_reversed,13
15h 02,approved,200
15h 02,denied,73
15h 02,processing,8
15h 02,reversed,119
15h 03,approved,343
15h 03,backend_reversed,6
15h 03,processing,2
15h 03,denied,71
15h 03,failed,1
15h 03,reversed,162
15h 03,refunded,7
15h 04,failed,1
15h 04,processing,1
15h 04,denied,97
15h 04,refunded,11
15h 04,approved,629
15h 04,reversed,113
15h 04,backend_reversed,4
15h 05,reversed,79
15h 05,approved,461
15h 05,denied,76
15h 05,backend_reversed,4
15h 05,processing,8
15h 05,refunded,3
15h 06,refunded,6
15h 06,approved,621
15h 06,failed,1
15h 06,denied,107
15h 06,reversed,45
15h 06,backend_reversed,3
15h 07,approved,273
15h 07,processing,8
15h 07,backend_reversed,13
15h 07,refunded,5
15h 07,denied,68
15h 07,reversed,30
15h 07,failed,1
15h 08,backend_reversed,2
15h 08,reversed,55
15h 08,processing,10
15h 08,refunded,2
15h 08,approved,175
15h 08,denied,28
15h 09,processing,5
15h 09,reversed,40
15h 09,approved,25
15h 09,denied,19
15h 09,backend_reversed,1
15h 10,reversed,165
15h 10,approved,168
15h 10,backend_reversed,10
15h 10,denied,76
15h 10,processing,6
15h 10,failed,1
15h 10,refunded,1
15h 11,failed,1
15h 11,approved,418
15h 11,denied,92
15h 11,backend_reversed,10
15h 11,processing,1
15h 11,reversed,151
15h 11,refunded,7
15h 12,reversed,101
15h 12,approved,533
15h 12,denied,68
15h 12,processing,9
15h 12,backend_reversed,6
15h 12,refunded,4
15h 13,reversed,70
15h 13,backend_reversed,11
15h 13,processing,7
15h 13,denied,61
15h 13,refunded,1
15h 13,failed,1
15h 13,approved,218
15h 14,processing,5
15h 14,approved,114
15h 14,refunded,3
15h 14,reversed,72
15h 14,denied,44
15h 14,backend_reversed,8
15h 15,refunded,3
15h 15,approved,540
15h 15,denied,99
15h 15,processing,2
15h 15,reversed,118
15h 15,backend_reversed,10
15h 16,denied,108
15h 16,reversed,42
15h 16,approved,618
15h 16,backend_reversed,6
15h 16,refunded,8
15h 17,refunded,5
15h 17,backend_reversed,7
15h 17,reversed,44
15h 17,denied,105
15h 17,approved,468
15h 17,processing,5
15h 18,denied,11
15h 18,processing,6
15h 18,approved,52
15h 18,failed,1
15h 18,reversed,11
15h 19,approved,336
15h 19,denied,103
15h 19,backend_reversed,19
15h 19,reversed,200
15h 19,refunded,5
15h 19,processing,1
15h 19,failed,1
15h 20,reversed,96
15h 20,refunded,2
15h 20,approved,485
15h 20,failed,2
15h 20,processing,3
15h 20,denied,113
15h 20,backend_reversed,17
15h 21,denied,92
15h 21,backend_reversed,10
15h 21,reversed,71
15h 21,approved,558
15h 21,processing,4
15h 21,refunded,2
15h 21,failed,3
15h 22,approved,273
15h 22,processing,5
15h 22,refunded,1
15h 22,denied,56
15h 22,reversed,39
15h 22,backend_reversed,7
15h 22,failed,1
15h 24,reversed,263
15h 24,denied,101
15h 24,approved,300
15h 24,refunded,6
15h 24,backend_reversed,12
15h 24,failed,3
15h 25,refunded,5
15h 25,denied,53
15h 25,reversed,113
15h 25,approved,451
15h 25,failed,1
15h 26,denied,56
15h 26,approved,452
15h 26,refunded,3
15h 26,processing,2
15h 26,reversed,76
15h 26,backend_reversed,5
15h 27,approved,386
15h 27,processing,7
15h 27,failed,1
15h 27,reversed,30
15h 27,backend_reversed,5
15h 27,denied,63
15h 27,refunded,2
15h 28,reversed,57
15h 28,denied,62
15h 28,processing,3
15h 28,backend_reversed,7
15h 28,refunded,2
15h 28,approved,349
15h 29,reversed,68
15h 29,failed,3
15h 29,backend_reversed,5
15h 29,approved,577
15h 29,denied,111
15h 29,refunded,2
15h 30,denied,67
15h 30,reversed,26
15h 30,refunded,2
15h 30,backend_reversed,7
15h 30,approved,459
15h 31,backend_reversed,8
15h 31,approved,399
15h 31,processing,2
15h 31,denied,56
15h 31,refunded,4
15h 31,reversed,11
15h 31,failed,1
15h 32,backend_reversed,4
15h 32,processing,14
15h 32,approved,358
15h 32,failed,1
15h 32,denied,56
15h 32,reversed,15
15h 32,refunded,2
15h 34,denied,56
15h 34,backend_reversed,11
15h 34,failed,1
15h 34,approved,198
15h 34,reversed,275
15h 34,processing,5
15h 34,refunded,1
15h 35,denied,60
15h 35,reversed,119
15h 35,approved,420
15h 35,backend_reversed,1
15h 35,processing,4
15h 36,approved,97
15h 36,processing,30
15h 36,denied,18
15h 36,backend_reversed,4
15h 36,refunded,1
15h 36,reversed,75
15h 37,denied,53
15h 37,approved,177
15h 37,processing,7
15h 37,reversed,139
15h 37,refunded,1
15h 37,backend_reversed,12
15h 38,approved,141
15h 38,refunded,3
15h 38,reversed,52
15h 38,denied,22
15h 38,backend_reversed,7
15h 38,processing,5
15h 39,denied,42
15h 39,reversed,144
15h 39,approved,117
15h 39,backend_reversed,6
15h 39,refunded,6
15h 40,reversed,83
15h 40,approved,334
15h 40,processing,5
15h 40,failed,1
15h 40,denied,52
15h 40,backend_reversed,4
15h 40,refunded,1
15h 41,backend_reversed,6
15h 41,refunded,6
15h 41,approved,351
15h 41,reversed,140
15h 41,processing,4
15h 41,denied,52
15h 42,reversed,55
15h 42,approved,166
15h 42,refunded,4
15h 42,denied,28
15h 42,backend_reversed,5
15h 42,processing,7
15h 43,reversed,43
15h 43,refunded,1
15h 43,approved,41
15h 43,processing,7
15h 43,denied,23
15h 43,backend_reversed,2
15h 44,processing,3
15h 44,refunded,5
15h 44,backend_reversed,11
15h 44,denied,71
15h 44,approved,233
15h 44,reversed,168
15h 46,approved,4
15h 46,backend_reversed,5
15h 46,reversed,16
15h 46,denied,2
15h 47,refunded,3
15h 47,processing,7
15h 47,backend_reversed,7
15h 47,denied,30
15h 47,approved,200
15h 47,reversed,69
15h 48,reversed,91
15h 48,denied,36
15h 48,backend_reversed,1
15h 48,failed,1
15h 48,refunded,2
15h 48,processing,1
15h 48,approved,218
15h 49,backend_reversed,2
15h 49,refunded,1
15h 49,approved,138
15h 49,denied,23
15h 49,processing,1
15h 49,reversed,62
15h 50,approved,312
15h 50,denied,37
15h 50,refunded,2
15h 50,backend_reversed,1
15h 50,reversed,127
15h 51,reversed,129
15h 51,approved,466
15h 51,denied,48
15h 51,refunded,10
15h 51,backend_reversed,2
15h 52,refunded,4
15h 52,failed,1
15h 52,approved,313
15h 52,reversed,105
15h 52,denied,55
15h 52,processing,7
15h 52,backend_reversed,7
15h 53,reversed,104
15h 53,backend_reversed,5
15h 53,refunded,4
15h 53,approved,724
15h 53,denied,78
15h 54,denied,86
15h 54,approved,659
15h 54,reversed,28
15h 54,backend_reversed,7
15h 54,refunded,9
15h 55,processing,5
15h 55,backend_reversed,4
15h 55,refunded,1
15h 55,approved,109
15h 55,reversed,15
15h 55,denied,13
15h 56,processing,4
15h 56,reversed,4
15h 56,backend_reversed,1
15h 57,reversed,166
15h 57,processing,13
15h 57,refunded,9
15h 57,approved,223
15h 57,backend_reversed,20
15h 57,denied,66
15h 58,backend_reversed,7
15h 58,denied,13
15h 58,processing,6
15h 58,reversed,19
15h 58,approved,39
15h 59,denied,11
15h 59,approved,35
15h 59,reversed,41
15h 59,refunded,1
16h 00,reversed,171
16h 00,processing,3
16h 00,denied,52
16h 00,backend_reversed,11
16h 00,refunded,7
16h 00,approved,191
16h 01,processing,7
16h 01,reversed,103
16h 01,approved,124
16h 01,backend_reversed,8
16h 01,denied,33
16h 01,refunded,6
16h 02,backend_reversed,10
16h 02,approved,193
16h 02,refunded,3
16h 02,denied,30
16h 02,processing,1
16h 02,reversed,68
16h 03,refunded,7
16h 03,approved,282
16h 03,reversed,110
16h 03,denied,33
16h 03,processing,7
16h 03,backend_reversed,6
16h 04,approved,58
16h 04,refunded,2
16h 04,reversed,32
16h 04,denied,10
16h 04,processing,2
16h 04,backend_reversed,6
16h 05,reversed,97
16h 05,approved,121
16h 05,denied,32
16h 05,refunded,4
16h 05,backend_reversed,7
16h 05,processing,8
16h 07,denied,11
16h 07,backend_reversed,3
16h 07,reversed,39
16h 07,approved,19
16h 07,processing,1
16h 08,approved,169
16h 08,refunded,3
16h 08,reversed,85
16h 08,denied,32
16h 08,processing,8
16h 08,backend_reversed,2
16h 09,refunded,3
16h 09,backend_reversed,3
16h 09,approved,80
16h 09,reversed,75
16h 09,denied,19
16h 10,refunded,3
16h 10,reversed,80
16h 10,denied,26
16h 10,backend_reversed,5
16h 10,processing,2
16h 10,approved,139
16h 11,denied,66
16h 11,backend_reversed,4
16h 11,processing,3
16h 11,reversed,140
16h 11,approved,293
16h 11,refunded,5
16h 12,approved,419
16h 12,processing,3
16h 12,backend_reversed,4
16h 12,reversed,90
16h 12,refunded,2
16h 12,denied,49
16h 13,reversed,20
16h 13,backend_reversed,4
16h 13,approved,44
16h 13,denied,5
16h 13,processing,4
16h 15,processing,5
16h 15,approved,38
16h 15,backend_reversed,9
16h 15,refunded,2
16h 15,denied,11
16h 15,reversed,30
16h 16,processing,5
16h 16,failed,2
16h 16,denied,52
16h 16,backend_reversed,13
16h 16,refunded,9
16h 16,reversed,140
16h 16,approved,243
16h 17,backend_reversed,4
16h 17,denied,26
16h 17,processing,1
16h 17,refunded,1
16h 17,approved,107
16h 17,reversed,66
16h 20,reversed,67
16h 20,backend_reversed,10
16h 20,processing,1
16h 20,approved,164
16h 20,denied,38
16h 20,refunded,2
16h 21,refunded,2
16h 21,backend_reversed,1
16h 21,reversed,76
16h 21,denied,33
16h 21,processing,1
16h 21,approved,124
16h 22,backend_reversed,5
16h 22,reversed,96
16h 22,denied,28
16h 22,approved,131
16h 22,refunded,3
16h 22,processing,2
16h 23,approved,66
16h 23,refunded,1
16h 23,backend_reversed,2
16h 23,reversed,70
16h 23,processing,11
16h 23,denied,17
16h 24,approved,89
16h 24,denied,22
16h 24,backend_reversed,6
16h 24,refunded,1
16h 24,reversed,67
16h 24,processing,2
16h 25,approved,58
16h 25,processing,5
16h 25,denied,21
16h 25,refunded,1
16h 25,reversed,69
16h 25,backend_reversed,4
16h 26,processing,6
16h 26,backend_reversed,13
16h 26,refunded,10
16h 26,denied,89
16h 26,reversed,231
16h 26,approved,560
16h 28,backend_reversed,6
16h 28,processing,22
16h 28,denied,5
16h 28,reversed,23
16h 28,approved,6
16h 29,approved,35
16h 29,processing,28
16h 29,denied,17
16h 29,backend_reversed,10
16h 29,reversed,55
16h 29,refunded,1
16h 30,approved,367
16h 30,denied,58
16h 30,failed,1
16h 30,processing,2
16h 30,refunded,2
16h 30,reversed,143
16h 30,backend_reversed,7
16h 31,backend_reversed,1
16h 31,failed,1
16h 31,denied,52
16h 31,refunded,11
16h 31,approved,510
16h 31,reversed,175
16h 32,denied,21
16h 32,backend_reversed,3
16h 32,refunded,2
16h 32,reversed,77
16h 32,processing,12
16h 32,approved,81
16h 33,approved,301
16h 33,refunded,4
16h 33,processing,2
16h 33,backend_reversed,17
16h 33,reversed,220
16h 33,denied,86
16h 34,reversed,216
16h 34,approved,602
16h 34,refunded,8
16h 34,failed,1
16h 34,denied,106
16h 34,backend_reversed,9
16h 35,reversed,135
16h 35,processing,11
16h 35,backend_reversed,5
16h 35,denied,96
16h 35,approved,773
16h 35,refunded,6
16h 36,reversed,53
16h 36,refunded,4
16h 36,denied,55
16h 36,processing,2
16h 36,backend_reversed,2
16h 36,approved,392
16h 37,approved,511
16h 37,processing,14
16h 37,reversed,69
16h 37,denied,84
16h 37,refunded,8
16h 37,backend_reversed,9
16h 38,reversed,64
16h 38,approved,648
16h 38,denied,79
16h 38,backend_reversed,6
16h 38,refunded,6
16h 39,denied,133
16h 39,reversed,53
16h 39,approved,640
16h 39,refunded,7
16h 39,backend_reversed,23
16h 40,refunded,8
16h 40,backend_reversed,19
16h 40,reversed,39
16h 40,approved,569
16h 40,denied,124
16h 41,backend_reversed,15
16h 41,denied,104
16h 41,refunded,7
16h 41,reversed,26
16h 41,approved,512
16h 42,reversed,23
16h 42,backend_reversed,15
16h 42,approved,502
16h 42,refunded,5
16h 42,denied,103
16h 43,backend_reversed,7
16h 43,failed,1
16h 43,processing,1
16h 43,approved,491
16h 43,denied,78
16h 43,reversed,22
16h 43,refunded,2
16h 44,processing,4
16h 44,reversed,20
16h 44,backend_reversed,10
16h 44,denied,35
16h 44,refunded,1
16h 44,approved,343
16h 45,approved,477
16h 45,refunded,2
16h 45,backend_reversed,5
16h 45,processing,1
16h 45,denied,54
16h 45,reversed,35
16h 46,approved,430
16h 46,denied,52
16h 46,backend_reversed,2
16h 46,reversed,15
16h 46,refunded,3
16h 47,reversed,8
16h 47,approved,459
16h 47,denied,58
16h 47,backend_reversed,2
16h 47,refunded,1
16h 48,denied,48
16h 48,reversed,14
16h 48,processing,2
16h 48,approved,391
16h 48,refunded,2
16h 49,processing,11
16h 49,denied,1
16h 49,reversed,1
16h 49,approved,11
16h 49,backend_reversed,2
16h 51,approved,30
16h 51,reversed,31
16h 51,denied,16
16h 51,backend_reversed,2
16h 52,reversed,109
16h 52,denied,55
16h 52,backend_reversed,4
16h 52,refunded,4
16h 52,processing,7
16h 52,approved,378
16h 53,refunded,1
16h 53,processing,9
16h 53,reversed,35
16h 53,approved,45
16h 53,denied,4
16h 54,approved,69
16h 54,backend_reversed,6
16h 54,processing,5
16h 54,denied,21
16h 54,refunded,2
16h 54,reversed,105
16h 55,reversed,131
16h 55,processing,7
16h 55,backend_reversed,5
16h 55,denied,27
16h 55,refunded,2
16h 55,approved,102
16h 56,refunded,8
16h 56,reversed,190
16h 56,approved,305
16h 56,backend_reversed,4
16h 56,denied,46
16h 56,processing,2
16h 57,refunded,6
16h 57,reversed,168
16h 57,denied,92
16h 57,approved,420
16h 57,backend_reversed,7
16h 58,approved,627
16h 58,processing,4
16h 58,reversed,108
16h 58,denied,63
16h 58,backend_reversed,3
16h 59,processing,1
16h 59,denied,74
16h 59,reversed,93
16h 59,backend_reversed,4
16h 59,approved,573
16h 59,refunded,6
17h 00,backend_reversed,8
17h 00,approved,686
17h 00,denied,96
17h 00,processing,11
17h 00,refunded,3
17h 00,reversed,51
17h 01,denied,25
17h 01,backend_reversed,5
17h 01,approved,154
17h 01,processing,11
17h 01,reversed,18
17h 02,denied,2
17h 02,approved,15
17h 02,processing,10
17h 02,reversed,19
17h 02,backend_reversed,20
17h 03,approved,30
17h 03,processing,6
17h 03,refunded,1
17h 03,reversed,35
17h 03,denied,9
17h 03,backend_reversed,6
17h 06,reversed,5
17h 06,processing,2
17h 06,backend_reversed,13
17h 07,backend_reversed,9
17h 07,reversed,10
17h 07,processing,2
17h 07,denied,3
17h 07,refunded,1
17h 07,approved,13
17h 08,backend_reversed,1
17h 08,reversed,5
17h 08,approved,84
17h 08,denied,9
17h 08,refunded,1
17h 08,processing,5
17h 09,denied,8
17h 09,backend_reversed,4
17h 09,approved,52
17h 09,reversed,46
17h 09,processing,6
17h 10,approved,384
17h 10,denied,40
17h 10,backend_reversed,2
17h 10,reversed,169
17h 10,refunded,7
17h 11,denied,36
17h 11,refunded,4
17h 11,backend_reversed,6
17h 11,processing,2
17h 11,reversed,113
17h 11,approved,304
17h 12,backend_reversed,4
17h 12,refunded,7
17h 12,reversed,114
17h 12,processing,1
17h 12,denied,38
17h 12,approved,150
17h 13,reversed,124
17h 13,denied,47
17h 13,approved,297
17h 13,refunded,7
17h 13,backend_reversed,11
17h 13,processing,6
17h 14,reversed,2
17h 14,processing,2
17h 14,backend_reversed,1
17h 14,denied,1
17h 15,reversed,100
17h 15,refunded,6
17h 15,approved,246
17h 15,processing,9
17h 15,denied,59
17h 15,backend_reversed,16
17h 16,refunded,4
17h 16,approved,198
17h 16,reversed,113
17h 16,backend_reversed,8
17h 16,denied,61
17h 16,processing,2
17h 17,reversed,87
17h 17,refunded,6
17h 17,approved,177
17h 17,denied,31
17h 17,backend_reversed,13
17h 17,processing,3
17h 18,approved,89
17h 18,reversed,48
17h 18,denied,26
17h 18,processing,5
17h 18,refunded,5
17h 18,backend_reversed,11
17h 19,reversed,24
17h 19,refunded,1
17h 19,backend_reversed,8
17h 19,processing,3
17h 19,denied,12
17h 19,approved,33
17h 21,reversed,76
17h 21,approved,216
17h 21,refunded,2
17h 21,denied,81
17h 21,backend_reversed,18
17h 21,processing,3
17h 22,approved,117
17h 22,processing,3
17h 22,reversed,32
17h 22,backend_reversed,5
17h 22,denied,20
17h 23,backend_reversed,13
17h 23,denied,12
17h 23,refunded,1
17h 23,approved,118
17h 23,processing,6
17h 23,reversed,24
17h 24,reversed,1
17h 24,processing,5
17h 24,approved,1
17h 24,backend_reversed,5
17h 26,backend_reversed,12
17h 26,reversed,63
17h 26,approved,190
17h 26,denied,35
17h 26,refunded,4
17h 26,processing,4
17h 27,processing,14
17h 27,reversed,17
17h 27,refunded,8
17h 27,approved,102
17h 27,backend_reversed,4
17h 27,denied,5
17h 29,refunded,1
17h 29,approved,10
17h 29,processing,1
17h 29,reversed,6
17h 29,denied,1
17h 29,backend_reversed,1
17h 30,backend_reversed,4
17h 30,processing,2
17h 35,backend_reversed,2
17h 35,processing,6
17h 35,reversed,20
17h 35,approved,38
17h 35,denied,7
17h 37,approved,15
17h 37,processing,7
17h 37,backend_reversed,7
17h 37,reversed,4
17h 37,denied,2
17h 39,backend_reversed,3
17h 39,reversed,7
17h 39,processing,3
17h 39,approved,9
17h 40,processing,6
17h 40,denied,6
17h 40,approved,49
17h 40,backend_reversed,5
17h 40,reversed,11
17h 41,approved,2
17h 41,backend_reversed,4
17h 41,reversed,3
17h 41,processing,2
17h 42,reversed,28
17h 42,denied,7
17h 42,approved,55
17h 42,processing,2
17h 42,backend_reversed,7
17h 44,denied,5
17h 44,backend_reversed,3
17h 44,refunded,1
17h 44,approved,29
17h 44,reversed,14
17h 44,processing,5
17h 46,backend_reversed,3
17h 46,processing,1
17h 47,approved,3
17h 47,reversed,2
17h 47,backend_reversed,3
17h 48,approved,32
17h 48,backend_reversed,4
17h 48,reversed,11
17h 48,processing,1
17h 48,denied,4
17h 49,approved,11
17h 49,backend_reversed,2
17h 49,processing,1
17h 49,reversed,13
17h 49,denied,1
17h 50,approved,4
17h 50,reversed,6
17h 50,backend_reversed,5
17h 50,processing,10
17h 51,refunded,2
17h 51,approved,11
17h 51,denied,5
17h 51,reversed,6
17h 51,processing,7
17h 51,backend_reversed,2
17h 52,approved,9
17h 52,reversed,4
17h 52,backend_reversed,2
17h 52,denied,1
17h 52,refunded,1
17h 54,reversed,1
17h 54,backend_reversed,1
17h 55,reversed,5
17h 55,approved,6
17h 55,denied,2
17h 55,processing,1
17h 55,backend_reversed,1
17h 56,reversed,2
17h 56,approved,18
17h 56,processing,4
17h 56,backend_reversed,1
17h 56,denied,1
17h 57,processing,4
17h 57,reversed,5
17h 57,approved,30
17h 57,denied,2
17h 58,reversed,28
17h 58,denied,11
17h 58,backend_reversed,3
17h 58,processing,2
17h 58,approved,49
17h 59,reversed,11
17h 59,denied,1
17h 59,approved,33
17h 59,processing,2
18h 00,approved,14
18h 00,reversed,13
18h 00,denied,2
18h 00,backend_reversed,2
18h 01,approved,140
18h 01,denied,25
18h 01,backend_reversed,2
18h 01,reversed,29
18h 02,approved,80
18h 02,reversed,43
18h 02,denied,14
18h 02,refunded,3
18h 02,backend_reversed,2
18h 03,denied,13
18h 03,approved,115
18h 03,processing,9
18h 03,backend_reversed,9
18h 03,refunded,5
18h 03,reversed,27
18h 05,reversed,42
18h 05,refunded,1
18h 05,denied,8
18h 05,approved,60
18h 05,backend_reversed,12
18h 05,processing,6
18h 06,backend_reversed,8
18h 06,reversed,8
18h 06,processing,2
18h 06,approved,3
18h 07,denied,21
18h 07,reversed,47
18h 07,approved,118
18h 07,backend_reversed,10
18h 07,processing,4
18h 07,refunded,2
18h 08,denied,2
18h 08,reversed,4
18h 08,approved,1
18h 09,backend_reversed,12
18h 09,reversed,57
18h 09,approved,89
18h 09,processing,5
18h 09,refunded,5
18h 09,denied,21
18h 10,denied,20
18h 10,reversed,46
18h 10,approved,178
18h 10,backend_reversed,4
18h 10,processing,5
18h 11,approved,41
18h 11,denied,6
18h 11,processing,6
18h 11,reversed,19
18h 11,backend_reversed,3
18h 12,approved,14
18h 12,reversed,12
18h 12,denied,3
18h 13,backend_reversed,3
18h 13,processing,3
18h 13,approved,94
18h 13,refunded,3
18h 13,reversed,41
18h 13,denied,19
18h 14,backend_reversed,2
18h 14,processing,5
18h 14,reversed,55
18h 14,approved,126
18h 14,denied,21
18h 14,refunded,2
18h 15,approved,5
18h 15,refunded,1
18h 15,backend_reversed,1
18h 15,reversed,7
18h 15,processing,2
18h 16,approved,59
18h 16,processing,3
18h 16,denied,9
18h 16,backend_reversed,7
18h 16,reversed,38
18h 17,reversed,30
18h 17,failed,1
18h 17,denied,15
18h 17,processing,9
18h 17,approved,57
18h 17,backend_reversed,7
18h 17,refunded,1
18h 18,approved,145
18h 18,reversed,84
18h 18,denied,28
18h 18,processing,3
18h 18,refunded,9
18h 18,backend_reversed,7
18h 18,failed,1
18h 19,reversed,106
18h 19,approved,237
18h 19,refunded,3
18h 19,denied,29
18h 19,backend_reversed,6
18h 19,processing,8
18h 20,denied,40
18h 20,reversed,101
18h 20,refunded,4
18h 20,approved,227
18h 20,backend_reversed,14
18h 20,processing,3
18h 22,refunded,2
18h 22,approved,49
18h 22,processing,3
18h 22,reversed,18
18h 22,denied,14
18h 22,backend_reversed,5
18h 23,backend_reversed,10
18h 23,processing,3
18h 23,approved,100
18h 23,reversed,35
18h 23,denied,16
18h 23,refunded,3
18h 24,reversed,103
18h 24,refunded,5
18h 24,backend_reversed,11
18h 24,denied,60
18h 24,approved,306
18h 25,approved,28
18h 25,reversed,7
18h 25,backend_reversed,4
18h 25,denied,5
18h 25,processing,1
18h 25,refunded,1
18h 27,backend_reversed,4
18h 27,approved,16
18h 27,processing,2
18h 27,denied,11
18h 27,reversed,10
18h 28,reversed,6
18h 28,backend_reversed,4
18h 28,processing,2
18h 28,approved,6
18h 34,denied,1
18h 34,approved,22
18h 34,reversed,1
18h 35,reversed,23
18h 35,denied,7
18h 35,approved,113
18h 36,denied,19
18h 36,approved,182
18h 36,reversed,66
18h 36,refunded,2
18h 37,reversed,53
18h 37,denied,21
18h 37,approved,225
18h 37,refunded,4
18h 38,denied,49
18h 38,approved,389
18h 38,reversed,46
18h 38,refunded,4
18h 39,denied,48
18h 39,backend_reversed,5
18h 39,reversed,19
18h 39,approved,394
18h 39,refunded,3
18h 40,reversed,23
18h 40,backend_reversed,6
18h 40,refunded,5
18h 40,denied,68
18h 40,approved,373
18h 41,backend_reversed,2
18h 41,denied,64
18h 41,reversed,18
18h 41,refunded,5
18h 41,approved,335
18h 42,refunded,5
18h 42,reversed,13
18h 42,approved,299
18h 42,backend_reversed,6
18h 42,denied,56
18h 43,approved,283
18h 43,backend_reversed,1
18h 43,denied,43
18h 43,reversed,5
18h 44,reversed,1
18h 44,approved,251
18h 44,denied,35
18h 44,refunded,2
18h 45,reversed,3
18h 45,denied,27
18h 45,refunded,1
18h 45,approved,251
18h 46,approved,244
18h 46,denied,36
18h 46,reversed,1
18h 47,reversed,4
18h 47,approved,223
18h 47,denied,40
18h 48,refunded,2
18h 48,denied,32
18h 48,approved,235
18h 48,reversed,3
18h 49,approved,236
18h 49,reversed,4
18h 49,denied,36
18h 49,refunded,1
18h 50,denied,38
18h 50,approved,242
18h 50,reversed,5
18h 51,approved,227
18h 51,refunded,4
18h 51,denied,29
18h 51,reversed,2
18h 52,denied,29
18h 52,reversed,3
18h 52,approved,231
18h 53,approved,228
18h 53,refunded,2
18h 53,backend_reversed,1
18h 53,reversed,5
18h 53,denied,22
18h 54,denied,27
18h 54,reversed,4
18h 54,approved,222
18h 55,backend_reversed,3
18h 55,refunded,1
18h 55,denied,21
18h 55,reversed,3
18h 55,approved,233
18h 55,failed,1
18h 56,denied,31
18h 56,reversed,3
18h 56,approved,237
18h 57,approved,255
18h 57,refunded,1
18h 57,denied,27
18h 57,reversed,3
18h 58,approved,222
18h 58,reversed,3
18h 58,denied,34
18h 59,denied,39
18h 59,approved,203
18h 59,reversed,2
19h 00,approved,215
19h 00,refunded,1
19h 00,reversed,3
19h 00,denied,34
19h 01,denied,29
19h 01,refunded,2
19h 01,approved,235
19h 01,reversed,1
19h 02,denied,33
19h 02,reversed,3
19h 02,approved,210
19h 02,refunded,1
19h 03,approved,209
19h 03,reversed,3
19h 03,refunded,1
19h 03,denied,32
19h 04,approved,199
19h 04,refunded,2
19h 04,denied,18
19h 04,reversed,5
19h 04,processing,1
19h 05,denied,26
19h 05,reversed,2
19h 05,approved,206
19h 06,approved,190
19h 06,denied,26
19h 06,reversed,3
19h 07,denied,30
19h 07,reversed,3
19h 07,approved,188
19h 08,refunded,1
19h 08,approved,225
19h 08,denied,28
19h 08,reversed,2
19h 09,refunded,1
19h 09,denied,35
19h 09,approved,222
19h 09,reversed,2
19h 10,refunded,2
19h 10,approved,191
19h 10,denied,20
19h 11,approved,204
19h 11,reversed,1
19h 11,denied,21
19h 12,approved,177
19h 12,refunded,1
19h 12,denied,23
19h 12,reversed,1
19h 13,reversed,4
19h 13,approved,174
19h 13,denied,28
19h 14,denied,33
19h 14,approved,214
19h 14,reversed,2
19h 14,refunded,1
19h 15,approved,191
19h 15,denied,24
19h 15,reversed,1
19h 16,denied,27
19h 16,refunded,1
19h 16,backend_reversed,1
19h 16,reversed,1
19h 16,approved,207
19h 17,denied,23
19h 17,approved,189
19h 17,reversed,3
19h 18,reversed,1
19h 18,denied,19
19h 18,approved,174
19h 19,reversed,3
19h 19,approved,181
19h 19,denied,24
19h 20,approved,181
19h 20,denied,23
19h 20,reversed,3
19h 20,refunded,1
19h 21,denied,27
19h 21,approved,184
19h 21,refunded,1
19h 21,reversed,3
19h 22,denied,20
19h 22,refunded,1
19h 22,reversed,2
19h 22,approved,158
19h 23,denied,17
19h 23,reversed,2
19h 23,approved,197
19h 24,refunded,3
19h 24,reversed,2
19h 24,approved,146
19h 24,denied,18
19h 25,denied,24
19h 25,reversed,3
19h 25,approved,175
19h 26,approved,174
19h 26,reversed,5
19h 26,refunded,1
19h 26,denied,25
19h 27,denied,21
19h 27,reversed,2
19h 27,approved,162
19h 27,refunded,2
19h 28,approved,181
19h 28,denied,18
19h 28,reversed,2
19h 29,approved,174
19h 29,denied,21
19h 29,backend_reversed,2
19h 29,refunded,1
19h 29,reversed,4
19h 30,approved,185
19h 30,processing,1
19h 30,refunded,1
19h 30,reversed,1
19h 30,denied,26
19h 31,reversed,1
19h 31,approved,192
19h 31,refunded,1
19h 31,denied,26
19h 32,reversed,5
19h 32,approved,156
19h 32,denied,19
19h 33,denied,16
19h 33,reversed,5
19h 33,approved,156
19h 34,denied,33
19h 34,reversed,1
19h 34,approved,195
19h 35,refunded,1
19h 35,backend_reversed,1
19h 35,reversed,2
19h 35,denied,19
19h 35,approved,175
19h 36,denied,22
19h 36,approved,191
19h 36,reversed,2
19h 37,refunded,1
19h 37,denied,21
19h 37,approved,175
19h 37,reversed,1
19h 38,denied,16
19h 38,approved,171
19h 38,backend_reversed,1
19h 39,denied,26
19h 39,refunded,1
19h 39,approved,163
19h 39,reversed,6
19h 40,denied,26
19h 40,approved,142
19h 40,reversed,1
19h 41,approved,154
19h 41,reversed,1
19h 41,denied,24
19h 42,approved,154
19h 42,reversed,4
19h 42,denied,14
19h 43,refunded,1
19h 43,approved,131
19h 43,denied,23
19h 43,reversed,3
19h 44,reversed,2
19h 44,approved,169
19h 44,denied,12
19h 45,approved,156
19h 45,denied,11
19h 45,refunded,1
19h 46,approved,145
19h 46,refunded,1
19h 46,reversed,3
19h 46,denied,16
19h 47,approved,158
19h 47,refunded,1
19h 47,denied,15
19h 48,reversed,2
19h 48,approved,173
19h 48,denied,28
19h 49,denied,20
19h 49,reversed,1
19h 49,approved,154
19h 50,reversed,1
19h 50,denied,27
19h 50,approved,167
19h 51,backend_reversed,2
19h 51,approved,164
19h 51,denied,22
19h 52,approved,158
19h 52,denied,22
19h 53,denied,16
19h 53,refunded,2
19h 53,approved,170
19h 54,approved,157
19h 54,denied,17
19h 54,reversed,1
19h 55,approved,169
19h 55,denied,7
19h 56,denied,17
19h 56,approved,161
19h 57,denied,16
19h 57,refunded,1
19h 57,reversed,3
19h 57,approved,152
19h 58,approved,153
19h 58,refunded,1
19h 58,denied,24
19h 58,reversed,1
19h 59,approved,149
19h 59,reversed,1
19h 59,denied,19
19h 59,refunded,1
20h 00,denied,20
20h 00,reversed,1
20h 00,approved,144
20h 00,refunded,1
20h 01,approved,159
20h 01,denied,21
20h 01,refunded,1
20h 01,reversed,2
20h 02,denied,20
20h 02,approved,146
20h 02,reversed,1
20h 03,approved,160
20h 03,reversed,1
20h 03,denied,29
20h 04,refunded,1
20h 04,approved,162
20h 04,denied,22
20h 05,reversed,1
20h 05,refunded,1
20h 05,approved,156
20h 05,denied,22
20h 06,approved,162
20h 06,reversed,2
20h 06,denied,26
20h 07,approved,146
20h 07,denied,14
20h 07,reversed,2
20h 08,denied,25
20h 08,reversed,1
20h 08,approved,147
20h 09,approved,136
20h 09,denied,19
20h 09,reversed,2
20h 09,refunded,1
20h 10,denied,19
20h 10,approved,174
20h 10,refunded,1
20h 10,reversed,2
20h 11,approved,147
20h 11,backend_reversed,1
20h 11,denied,16
20h 12,denied,25
20h 12,approved,140
20h 12,reversed,1
20h 13,approved,133
20h 13,denied,29
20h 13,reversed,1
20h 14,approved,132
20h 14,denied,17
20h 14,reversed,1
20h 15,approved,149
20h 15,refunded,1
20h 15,denied,17
20h 15,reversed,1
20h 15,failed,1
20h 16,approved,131
20h 16,denied,18
20h 16,reversed,1
20h 17,reversed,2
20h 17,refunded,1
20h 17,denied,22
20h 17,backend_reversed,1
20h 17,approved,135
20h 18,approved,142
20h 18,backend_reversed,3
20h 18,reversed,2
20h 18,processing,1
20h 18,denied,18
20h 19,approved,151
20h 19,reversed,2
20h 19,refunded,1
20h 19,denied,14
20h 19,backend_reversed,1
20h 20,reversed,4
20h 20,denied,26
20h 20,refunded,2
20h 20,approved,134
20h 21,denied,17
20h 21,reversed,1
20h 21,approved,137
20h 22,approved,141
20h 22,denied,18
20h 22,reversed,2
20h 23,refunded,1
20h 23,reversed,4
20h 23,denied,13
20h 23,approved,139
20h 24,approved,142
20h 24,denied,12
20h 24,reversed,1
20h 25,reversed,1
20h 25,approved,148
20h 25,denied,16
20h 26,refunded,1
20h 26,reversed,1
20h 26,approved,134
20h 26,denied,18
20h 27,approved,141
20h 27,reversed,1
20h 27,denied,23
20h 28,reversed,1
20h 28,denied,22
20h 28,refunded,1
20h 28,approved,133
20h 29,denied,20
20h 29,reversed,1
20h 29,processing,1
20h 29,approved,104
20h 29,refunded,1
20h 30,denied,27
20h 30,reversed,4
20h 30,approved,156
20h 30,refunded,1
20h 30,backend_reversed,1
20h 31,approved,138
20h 31,reversed,1
20h 31,denied,23
20h 32,approved,143
20h 32,denied,20
20h 33,denied,11
20h 33,reversed,2
20h 33,approved,130
20h 34,approved,139
20h 34,denied,13
20h 34,reversed,2
20h 34,refunded,1
20h 35,denied,12
20h 35,approved,142
20h 35,reversed,1
20h 35,backend_reversed,1
20h 36,approved,146
20h 36,reversed,3
20h 36,denied,26
20h 37,approved,128
20h 37,reversed,1
20h 37,denied,24
20h 38,approved,122
20h 38,denied,9
20h 38,refunded,1
20h 39,reversed,1
20h 39,approved,136
20h 39,denied,19
20h 40,approved,157
20h 40,reversed,1
20h 40,denied,17
20h 41,refunded,2
20h 41,denied,17
20h 41,approved,164
20h 42,denied,19
20h 42,approved,126
20h 43,denied,16
20h 43,approved,120
20h 43,reversed,1
20h 44,reversed,3
20h 44,denied,16
20h 44,approved,126
20h 45,denied,17
20h 45,approved,123
20h 45,refunded,1
20h 46,approved,139
20h 46,denied,17
20h 46,reversed,1
20h 46,backend_reversed,1
20h 47,denied,19
20h 47,reversed,3
20h 47,backend_reversed,1
20h 47,approved,153
20h 47,refunded,1
20h 48,approved,128
20h 48,reversed,3
20h 48,denied,16
20h 49,denied,16
20h 49,reversed,2
20h 49,approved,121
20h 50,approved,121
20h 50,denied,22
20h 51,approved,132
20h 51,denied,19
20h 51,reversed,2
20h 52,reversed,2
20h 52,denied,12
20h 52,refunded,1
20h 52,approved,136
20h 53,reversed,1
20h 53,refunded,1
20h 53,approved,115
20h 53,denied,17
20h 54,approved,128
20h 54,reversed,2
20h 54,refunded,1
20h 54,denied,15
20h 55,approved,101
20h 55,denied,14
20h 56,approved,105
20h 56,denied,14
20h 57,approved,115
20h 57,denied,18
20h 57,refunded,1
20h 58,backend_reversed,1
20h 58,approved,114
20h 58,denied,15
20h 59,denied,12
20h 59,approved,125
21h 00,refunded,1
21h 00,approved,87
21h 00,denied,12
21h 01,backend_reversed,1
21h 01,refunded,1
21h 01,denied,12
21h 01,reversed,3
21h 01,approved,112
21h 02,approved,126
21h 02,denied,12
21h 02,reversed,1
21h 03,approved,127
21h 03,refunded,1
21h 03,denied,18
21h 04,denied,15
21h 04,approved,125
21h 05,denied,15
21h 05,reversed,1
21h 05,approved,117
21h 06,approved,108
21h 06,denied,17
21h 07,denied,15
21h 07,approved,128
21h 07,reversed,1
21h 08,denied,21
21h 08,approved,99
21h 09,approved,113
21h 09,denied,14
21h 10,approved,119
21h 10,reversed,3
21h 10,backend_reversed,1
21h 10,denied,16
21h 11,refunded,2
21h 11,approved,96
21h 11,backend_reversed,2
21h 11,denied,14
21h 11,reversed,1
21h 12,backend_reversed,1
21h 12,denied,11
21h 12,approved,104
21h 12,reversed,1
21h 13,approved,103
21h 13,denied,7
21h 13,reversed,1
21h 13,backend_reversed,1
21h 14,approved,110
21h 14,denied,17
21h 14,backend_reversed,2
21h 14,reversed,3
21h 15,approved,116
21h 15,denied,13
21h 15,backend_reversed,2
21h 16,denied,22
21h 16,backend_reversed,2
21h 16,approved,110
21h 16,reversed,1
21h 17,approved,101
21h 17,denied,20
21h 18,denied,12
21h 18,approved,103
21h 18,refunded,1
21h 18,backend_reversed,1
21h 19,denied,15
21h 19,approved,114
21h 20,denied,19
21h 20,reversed,2
21h 20,refunded,1
21h 20,approved,102
21h 21,backend_reversed,1
21h 21,approved,107
21h 21,refunded,1
21h 21,denied,14
21h 21,reversed,2
21h 22,approved,112
21h 22,reversed,1
21h 22,denied,19
21h 23,approved,117
21h 23,denied,8
21h 23,reversed,1
21h 24,refunded,1
21h 24,approved,117
21h 24,denied,18
21h 25,approved,122
21h 25,backend_reversed,1
21h 25,denied,13
21h 26,denied,16
21h 26,backend_reversed,1
21h 26,approved,97
21h 27,reversed,1
21h 27,approved,122
21h 27,denied,13
21h 27,backend_reversed,1
21h 28,approved,103
21h 28,denied,17
21h 29,approved,101
21h 29,reversed,1
21h 29,denied,15
21h 30,approved,100
21h 30,denied,18
21h 31,refunded,1
21h 31,denied,23
21h 31,approved,114
21h 32,denied,9
21h 32,approved,108
21h 32,reversed,1
21h 33,approved,95
21h 33,denied,23
21h 34,denied,12
21h 34,approved,93
21h 34,refunded,1
21h 35,denied,16
21h 35,approved,95
21h 35,refunded,1
21h 35,reversed,1
21h 36,refunded,1
21h 36,denied,15
21h 36,approved,100
21h 37,denied,17
21h 37,approved,92
21h 38,denied,16
21h 38,approved,79
21h 39,approved,90
21h 39,denied,16
21h 40,denied,14
21h 40,approved,89
21h 41,denied,7
21h 41,reversed,2
21h 41,approved,85
21h 41,refunded,1
21h 42,refunded,1
21h 42,reversed,1
21h 42,denied,10
21h 42,backend_reversed,1
21h 42,approved,98
21h 43,reversed,6
21h 43,denied,16
21h 43,backend_reversed,1
21h 43,approved,108
21h 44,reversed,1
21h 44,approved,81
21h 44,denied,18
21h 45,approved,103
21h 45,backend_reversed,1
21h 45,reversed,1
21h 45,denied,10
21h 46,reversed,1
21h 46,approved,89
21h 46,denied,12
21h 47,denied,11
21h 47,reversed,2
21h 47,approved,76
21h 48,approved,109
21h 48,denied,19
21h 49,approved,102
21h 49,reversed,1
21h 49,denied,13
21h 50,denied,13
21h 50,refunded,1
21h 50,reversed,1
21h 50,approved,74
21h 51,approved,79
21h 51,denied,11
21h 52,approved,94
21h 52,denied,15
21h 53,approved,87
21h 53,denied,15
21h 54,approved,90
21h 54,denied,14
21h 55,denied,12
21h 55,approved,90
21h 56,denied,15
21h 56,reversed,3
21h 56,approved,94
21h 57,denied,12
21h 57,approved,83
21h 58,approved,86
21h 58,denied,7
21h 58,reversed,1
21h 58,refunded,1
21h 59,denied,8
21h 59,approved,98
22h 00,denied,10
22h 00,approved,86
22h 01,denied,6
22h 01,approved,87
22h 01,refunded,1
22h 02,denied,5
22h 02,approved,71
22h 02,reversed,1
22h 03,denied,10
22h 03,approved,101
22h 04,approved,95
22h 04,denied,13
22h 05,denied,10
22h 05,approved,75
22h 06,denied,10
22h 06,approved,91
22h 07,approved,73
22h 07,denied,14
22h 08,denied,11
22h 08,refunded,1
22h 08,approved,75
22h 09,denied,11
22h 09,approved,86
22h 09,refunded,1
22h 10,approved,83
22h 10,refunded,1
22h 10,denied,19
22h 11,approved,67
22h 11,denied,16
22h 12,denied,12
22h 12,approved,56
22h 13,denied,14
22h 13,approved,87
22h 14,backend_reversed,1
22h 14,reversed,1
22h 14,denied,15
22h 14,approved,70
22h 15,denied,11
22h 15,approved,81
22h 16,denied,11
22h 16,approved,70
22h 17,approved,61
22h 17,denied,13
22h 18,denied,10
22h 18,approved,56
22h 18,refunded,1
22h 19,reversed,1
22h 19,denied,6
22h 19,approved,68
22h 20,approved,83
22h 20,denied,9
22h 21,denied,14
22h 21,approved,61
22h 22,approved,79
22h 22,denied,8
22h 23,denied,8
22h 23,reversed,3
22h 23,approved,60
22h 24,denied,5
22h 24,approved,60
22h 25,denied,7
22h 25,backend_reversed,1
22h 25,refunded,1
22h 25,approved,61
22h 25,reversed,1
22h 26,reversed,1
22h 26,denied,6
22h 26,approved,69
22h 27,approved,62
22h 27,denied,4
22h 27,reversed,1
22h 28,denied,6
22h 28,approved,71
22h 29,approved,68
22h 29,denied,8
22h 29,reversed,1
22h 30,denied,6
22h 30,approved,62
22h 31,denied,3
22h 31,reversed,2
22h 31,approved,49
22h 32,approved,52
22h 32,denied,4
22h 32,refunded,1
22h 33,approved,67
22h 33,reversed,1
22h 33,denied,6
22h 34,approved,48
22h 34,refunded,1
22h 34,denied,9
22h 35,denied,8
22h 35,reversed,1
22h 35,approved,64
22h 36,denied,13
22h 36,approved,43
22h 37,approved,60
22h 37,denied,7
22h 38,approved,61
22h 38,denied,8
22h 38,refunded,1
22h 39,approved,54
22h 39,denied,9
22h 40,approved,66
22h 40,denied,7
22h 41,denied,11
22h 41,approved,66
22h 42,approved,53
22h 42,denied,8
22h 43,denied,9
22h 43,approved,62
22h 44,approved,57
22h 44,denied,11
22h 45,denied,10
22h 45,approved,64
22h 45,reversed,1
22h 46,denied,12
22h 46,approved,53
22h 47,refunded,1
22h 47,denied,15
22h 47,approved,66
22h 48,backend_reversed,1
22h 48,approved,43
22h 48,denied,8
22h 49,approved,55
22h 49,denied,8
22h 50,denied,7
22h 50,approved,39
22h 51,approved,42
22h 51,denied,15
22h 52,denied,12
22h 52,reversed,1
22h 52,approved,47
22h 53,denied,11
22h 53,approved,49
22h 54,approved,49
22h 54,denied,14
22h 55,approved,50
22h 55,denied,11
22h 55,reversed,1
22h 56,approved,56
22h 56,denied,5
22h 57,approved,46
22h 57,refunded,1
22h 57,denied,9
22h 58,denied,11
22h 58,reversed,1
22h 58,approved,48
22h 59,approved,59
22h 59,denied,5
22h 59,refunded,1
23h 00,approved,53
23h 00,denied,9
23h 01,denied,9
23h 01,approved,44
23h 02,denied,11
23h 02,approved,54
23h 03,approved,55
23h 03,denied,4
23h 04,approved,55
23h 04,denied,12
23h 05,denied,6
23h 05,approved,42
23h 06,approved,44
23h 06,denied,8
23h 07,denied,6
23h 07,approved,51
23h 07,reversed,1
23h 08,approved,46
23h 08,denied,5
23h 09,reversed,2
23h 09,denied,7
23h 09,approved,29
23h 10,approved,33
23h 10,denied,3
23h 11,approved,33
23h 11,denied,3
23h 12,approved,47
23h 12,denied,4
23h 13,denied,5
23h 13,approved,43
23h 14,approved,37
23h 14,denied,8
23h 14,failed,1
23h 15,denied,9
23h 15,approved,36
23h 16,approved,40
23h 16,denied,9
23h 17,approved,25
23h 17,denied,4
23h 18,approved,25
23h 18,denied,6
23h 19,approved,30
23h 19,denied,7
23h 20,approved,29
23h 20,refunded,1
23h 20,denied,5
23h 21,reversed,2
23h 21,denied,6
23h 21,approved,52
23h 22,denied,5
23h 22,approved,35
23h 23,approved,20
23h 23,denied,4
23h 24,approved,28
23h 24,denied,2
23h 24,processing,1
23h 25,approved,34
23h 25,denied,6
23h 26,approved,37
23h 26,denied,2
23h 27,approved,20
23h 27,reversed,1
23h 27,denied,10
23h 28,denied,6
23h 28,approved,26
23h 29,approved,37
23h 29,denied,7
23h 30,denied,5
23h 30,approved,27
23h 31,approved,31
23h 31,denied,1
23h 32,denied,3
23h 32,approved,26
23h 33,denied,9
23h 33,approved,21
23h 34,approved,31
23h 34,denied,3
23h 35,denied,5
23h 35,reversed,1
23h 35,approved,21
23h 36,approved,32
23h 36,denied,5
23h 37,approved,32
23h 37,denied,4
23h 38,approved,24
23h 38,denied,7
23h 39,denied,4
23h 39,approved,26
23h 40,approved,20
23h 40,denied,3
23h 41,approved,24
23h 41,denied,3
23h 42,denied,5
23h 42,approved,25
23h 43,approved,30
23h 43,denied,7
23h 44,approved,29
23h 44,denied,3
23h 44,reversed,1
23h 45,approved,28
23h 45,refunded,1
23h 45,denied,5
23h 46,approved,23
23h 46,backend_reversed,2
23h 46,denied,3
23h 53,approved,46
23h 53,denied,3
23h 54,denied,6
23h 54,approved,43
23h 55,denied,4
23h 55,approved,32
23h 56,denied,3
23h 56,approved,30
23h 57,denied,4
23h 57,reversed,1
23h 57,approved,21
23h 58,processing,3
23h 58,approved,11
23h 58,reversed,2
23h 58,backend_reversed,4
23h 58,denied,3
23h 58,refunded,1
23h 59,processing,4
23h 59,denied,1
23h 59,backend_reversed,5
23h 59,approved,10
23h 59,reversed,6
